School Type,School,Grade Level,Gender,Pass Both,Math Grade,Reading Grade,Student
Charter,Cabrera High School,10th,F,1,D,C,5
Charter,Cabrera High School,10th,F,1,D,B,6
Charter,Cabrera High School,10th,F,1,D,A,3
Charter,Cabrera High School,10th,F,1,C,D,2
Charter,Cabrera High School,10th,F,1,C,C,20
Charter,Cabrera High School,10th,F,1,C,B,27
Charter,Cabrera High School,10th,F,1,C,A,27
Charter,Cabrera High School,10th,F,1,B,C,25
Charter,Cabrera High School,10th,F,1,B,B,24
Charter,Cabrera High School,10th,F,1,B,A,21
Charter,Cabrera High School,10th,F,1,A,C,21
Charter,Cabrera High School,10th,F,1,A,B,23
Charter,Cabrera High School,10th,F,1,A,A,28
Charter,Cabrera High School,10th,M,1,D,C,9
Charter,Cabrera High School,10th,M,1,D,B,1
Charter,Cabrera High School,10th,M,1,D,A,4
Charter,Cabrera High School,10th,M,1,C,D,4
Charter,Cabrera High School,10th,M,1,C,C,22
Charter,Cabrera High School,10th,M,1,C,B,24
Charter,Cabrera High School,10th,M,1,C,A,29
Charter,Cabrera High School,10th,M,1,B,D,5
Charter,Cabrera High School,10th,M,1,B,C,28
Charter,Cabrera High School,10th,M,1,B,B,20
Charter,Cabrera High School,10th,M,1,B,A,21
Charter,Cabrera High School,10th,M,1,A,D,1
Charter,Cabrera High School,10th,M,1,A,C,19
Charter,Cabrera High School,10th,M,1,A,B,23
Charter,Cabrera High School,10th,M,1,A,A,24
Charter,Cabrera High School,11th,F,1,D,D,2
Charter,Cabrera High School,11th,F,1,D,C,6
Charter,Cabrera High School,11th,F,1,D,B,4
Charter,Cabrera High School,11th,F,1,D,A,2
Charter,Cabrera High School,11th,F,1,C,D,5
Charter,Cabrera High School,11th,F,1,C,C,20
Charter,Cabrera High School,11th,F,1,C,B,31
Charter,Cabrera High School,11th,F,1,C,A,25
Charter,Cabrera High School,11th,F,1,B,D,1
Charter,Cabrera High School,11th,F,1,B,C,25
Charter,Cabrera High School,11th,F,1,B,B,25
Charter,Cabrera High School,11th,F,1,B,A,21
Charter,Cabrera High School,11th,F,1,A,D,4
Charter,Cabrera High School,11th,F,1,A,C,20
Charter,Cabrera High School,11th,F,1,A,B,25
Charter,Cabrera High School,11th,F,1,A,A,24
Charter,Cabrera High School,11th,M,1,D,C,8
Charter,Cabrera High School,11th,M,1,D,B,6
Charter,Cabrera High School,11th,M,1,D,A,9
Charter,Cabrera High School,11th,M,1,C,C,30
Charter,Cabrera High School,11th,M,1,C,B,20
Charter,Cabrera High School,11th,M,1,C,A,27
Charter,Cabrera High School,11th,M,1,B,D,1
Charter,Cabrera High School,11th,M,1,B,C,24
Charter,Cabrera High School,11th,M,1,B,B,28
Charter,Cabrera High School,11th,M,1,B,A,18
Charter,Cabrera High School,11th,M,1,A,D,1
Charter,Cabrera High School,11th,M,1,A,C,25
Charter,Cabrera High School,11th,M,1,A,B,25
Charter,Cabrera High School,11th,M,1,A,A,20
Charter,Cabrera High School,12th,F,1,D,C,2
Charter,Cabrera High School,12th,F,1,D,B,7
Charter,Cabrera High School,12th,F,1,D,A,2
Charter,Cabrera High School,12th,F,1,C,D,5
Charter,Cabrera High School,12th,F,1,C,C,13
Charter,Cabrera High School,12th,F,1,C,B,22
Charter,Cabrera High School,12th,F,1,C,A,24
Charter,Cabrera High School,12th,F,1,B,D,1
Charter,Cabrera High School,12th,F,1,B,C,18
Charter,Cabrera High School,12th,F,1,B,B,18
Charter,Cabrera High School,12th,F,1,B,A,16
Charter,Cabrera High School,12th,F,1,A,D,1
Charter,Cabrera High School,12th,F,1,A,C,19
Charter,Cabrera High School,12th,F,1,A,B,24
Charter,Cabrera High School,12th,F,1,A,A,21
Charter,Cabrera High School,12th,M,1,D,C,1
Charter,Cabrera High School,12th,M,1,D,B,2
Charter,Cabrera High School,12th,M,1,D,A,5
Charter,Cabrera High School,12th,M,1,C,D,2
Charter,Cabrera High School,12th,M,1,C,C,23
Charter,Cabrera High School,12th,M,1,C,B,20
Charter,Cabrera High School,12th,M,1,C,A,22
Charter,Cabrera High School,12th,M,1,B,D,1
Charter,Cabrera High School,12th,M,1,B,C,22
Charter,Cabrera High School,12th,M,1,B,B,18
Charter,Cabrera High School,12th,M,1,B,A,21
Charter,Cabrera High School,12th,M,1,A,D,2
Charter,Cabrera High School,12th,M,1,A,C,20
Charter,Cabrera High School,12th,M,1,A,B,15
Charter,Cabrera High School,12th,M,1,A,A,15
Charter,Cabrera High School,9th,F,1,D,D,1
Charter,Cabrera High School,9th,F,1,D,C,3
Charter,Cabrera High School,9th,F,1,D,B,6
Charter,Cabrera High School,9th,F,1,D,A,4
Charter,Cabrera High School,9th,F,1,C,D,2
Charter,Cabrera High School,9th,F,1,C,C,38
Charter,Cabrera High School,9th,F,1,C,B,24
Charter,Cabrera High School,9th,F,1,C,A,36
Charter,Cabrera High School,9th,F,1,B,D,4
Charter,Cabrera High School,9th,F,1,B,C,27
Charter,Cabrera High School,9th,F,1,B,B,29
Charter,Cabrera High School,9th,F,1,B,A,21
Charter,Cabrera High School,9th,F,1,A,D,3
Charter,Cabrera High School,9th,F,1,A,C,29
Charter,Cabrera High School,9th,F,1,A,B,32
Charter,Cabrera High School,9th,F,1,A,A,18
Charter,Cabrera High School,9th,M,1,D,C,2
Charter,Cabrera High School,9th,M,1,D,B,5
Charter,Cabrera High School,9th,M,1,D,A,4
Charter,Cabrera High School,9th,M,1,C,D,2
Charter,Cabrera High School,9th,M,1,C,C,34
Charter,Cabrera High School,9th,M,1,C,B,21
Charter,Cabrera High School,9th,M,1,C,A,29
Charter,Cabrera High School,9th,M,1,B,D,3
Charter,Cabrera High School,9th,M,1,B,C,27
Charter,Cabrera High School,9th,M,1,B,B,12
Charter,Cabrera High School,9th,M,1,B,A,31
Charter,Cabrera High School,9th,M,1,A,D,2
Charter,Cabrera High School,9th,M,1,A,C,25
Charter,Cabrera High School,9th,M,1,A,B,25
Charter,Cabrera High School,9th,M,1,A,A,29
Charter,Griffin High School,10th,F,1,D,C,3
Charter,Griffin High School,10th,F,1,D,B,8
Charter,Griffin High School,10th,F,1,D,A,4
Charter,Griffin High School,10th,F,1,C,D,2
Charter,Griffin High School,10th,F,1,C,C,20
Charter,Griffin High School,10th,F,1,C,B,13
Charter,Griffin High School,10th,F,1,C,A,18
Charter,Griffin High School,10th,F,1,B,C,23
Charter,Griffin High School,10th,F,1,B,B,18
Charter,Griffin High School,10th,F,1,B,A,18
Charter,Griffin High School,10th,F,1,A,D,2
Charter,Griffin High School,10th,F,1,A,C,21
Charter,Griffin High School,10th,F,1,A,B,22
Charter,Griffin High School,10th,F,1,A,A,22
Charter,Griffin High School,10th,M,1,D,C,2
Charter,Griffin High School,10th,M,1,D,A,7
Charter,Griffin High School,10th,M,1,C,D,2
Charter,Griffin High School,10th,M,1,C,C,16
Charter,Griffin High School,10th,M,1,C,B,22
Charter,Griffin High School,10th,M,1,C,A,23
Charter,Griffin High School,10th,M,1,B,D,5
Charter,Griffin High School,10th,M,1,B,C,20
Charter,Griffin High School,10th,M,1,B,B,19
Charter,Griffin High School,10th,M,1,B,A,21
Charter,Griffin High School,10th,M,1,A,C,31
Charter,Griffin High School,10th,M,1,A,B,28
Charter,Griffin High School,10th,M,1,A,A,16
Charter,Griffin High School,11th,F,1,D,C,6
Charter,Griffin High School,11th,F,1,D,B,4
Charter,Griffin High School,11th,F,1,D,A,1
Charter,Griffin High School,11th,F,1,C,D,2
Charter,Griffin High School,11th,F,1,C,C,11
Charter,Griffin High School,11th,F,1,C,B,15
Charter,Griffin High School,11th,F,1,C,A,23
Charter,Griffin High School,11th,F,1,B,D,3
Charter,Griffin High School,11th,F,1,B,C,14
Charter,Griffin High School,11th,F,1,B,B,15
Charter,Griffin High School,11th,F,1,B,A,25
Charter,Griffin High School,11th,F,1,A,D,1
Charter,Griffin High School,11th,F,1,A,C,13
Charter,Griffin High School,11th,F,1,A,B,20
Charter,Griffin High School,11th,F,1,A,A,23
Charter,Griffin High School,11th,M,1,D,C,5
Charter,Griffin High School,11th,M,1,D,B,2
Charter,Griffin High School,11th,M,1,D,A,3
Charter,Griffin High School,11th,M,1,C,D,2
Charter,Griffin High School,11th,M,1,C,C,25
Charter,Griffin High School,11th,M,1,C,B,28
Charter,Griffin High School,11th,M,1,C,A,9
Charter,Griffin High School,11th,M,1,B,C,17
Charter,Griffin High School,11th,M,1,B,B,18
Charter,Griffin High School,11th,M,1,B,A,14
Charter,Griffin High School,11th,M,1,A,D,1
Charter,Griffin High School,11th,M,1,A,C,18
Charter,Griffin High School,11th,M,1,A,B,24
Charter,Griffin High School,11th,M,1,A,A,19
Charter,Griffin High School,12th,F,1,D,C,5
Charter,Griffin High School,12th,F,1,D,B,5
Charter,Griffin High School,12th,F,1,D,A,3
Charter,Griffin High School,12th,F,1,C,D,3
Charter,Griffin High School,12th,F,1,C,C,20
Charter,Griffin High School,12th,F,1,C,B,8
Charter,Griffin High School,12th,F,1,C,A,12
Charter,Griffin High School,12th,F,1,B,C,21
Charter,Griffin High School,12th,F,1,B,B,16
Charter,Griffin High School,12th,F,1,B,A,22
Charter,Griffin High School,12th,F,1,A,D,1
Charter,Griffin High School,12th,F,1,A,C,14
Charter,Griffin High School,12th,F,1,A,B,16
Charter,Griffin High School,12th,F,1,A,A,11
Charter,Griffin High School,12th,M,1,D,C,3
Charter,Griffin High School,12th,M,1,D,A,5
Charter,Griffin High School,12th,M,1,C,D,1
Charter,Griffin High School,12th,M,1,C,C,18
Charter,Griffin High School,12th,M,1,C,B,17
Charter,Griffin High School,12th,M,1,C,A,4
Charter,Griffin High School,12th,M,1,B,C,12
Charter,Griffin High School,12th,M,1,B,B,11
Charter,Griffin High School,12th,M,1,B,A,24
Charter,Griffin High School,12th,M,1,A,D,1
Charter,Griffin High School,12th,M,1,A,C,10
Charter,Griffin High School,12th,M,1,A,B,9
Charter,Griffin High School,12th,M,1,A,A,20
Charter,Griffin High School,9th,F,1,D,D,1
Charter,Griffin High School,9th,F,1,D,C,2
Charter,Griffin High School,9th,F,1,D,B,4
Charter,Griffin High School,9th,F,1,D,A,9
Charter,Griffin High School,9th,F,1,C,D,2
Charter,Griffin High School,9th,F,1,C,C,23
Charter,Griffin High School,9th,F,1,C,B,20
Charter,Griffin High School,9th,F,1,C,A,21
Charter,Griffin High School,9th,F,1,B,D,4
Charter,Griffin High School,9th,F,1,B,C,27
Charter,Griffin High School,9th,F,1,B,B,19
Charter,Griffin High School,9th,F,1,B,A,15
Charter,Griffin High School,9th,F,1,A,D,4
Charter,Griffin High School,9th,F,1,A,C,13
Charter,Griffin High School,9th,F,1,A,B,15
Charter,Griffin High School,9th,F,1,A,A,14
Charter,Griffin High School,9th,M,1,D,C,4
Charter,Griffin High School,9th,M,1,D,B,7
Charter,Griffin High School,9th,M,1,D,A,4
Charter,Griffin High School,9th,M,1,C,D,1
Charter,Griffin High School,9th,M,1,C,C,24
Charter,Griffin High School,9th,M,1,C,B,28
Charter,Griffin High School,9th,M,1,C,A,22
Charter,Griffin High School,9th,M,1,B,D,4
Charter,Griffin High School,9th,M,1,B,C,30
Charter,Griffin High School,9th,M,1,B,B,23
Charter,Griffin High School,9th,M,1,B,A,17
Charter,Griffin High School,9th,M,1,A,C,17
Charter,Griffin High School,9th,M,1,A,B,14
Charter,Griffin High School,9th,M,1,A,A,21
Charter,Holden High School,10th,F,1,D,D,1
Charter,Holden High School,10th,F,1,D,C,1
Charter,Holden High School,10th,F,1,D,B,3
Charter,Holden High School,10th,F,1,C,D,1
Charter,Holden High School,10th,F,1,C,C,2
Charter,Holden High School,10th,F,1,C,B,7
Charter,Holden High School,10th,F,1,C,A,6
Charter,Holden High School,10th,F,1,B,C,6
Charter,Holden High School,10th,F,1,B,B,9
Charter,Holden High School,10th,F,1,B,A,4
Charter,Holden High School,10th,F,1,A,C,7
Charter,Holden High School,10th,F,1,A,B,4
Charter,Holden High School,10th,F,1,A,A,5
Charter,Holden High School,10th,M,1,D,C,1
Charter,Holden High School,10th,M,1,D,A,2
Charter,Holden High School,10th,M,1,C,C,4
Charter,Holden High School,10th,M,1,C,B,7
Charter,Holden High School,10th,M,1,C,A,4
Charter,Holden High School,10th,M,1,B,D,2
Charter,Holden High School,10th,M,1,B,C,8
Charter,Holden High School,10th,M,1,B,B,7
Charter,Holden High School,10th,M,1,B,A,8
Charter,Holden High School,10th,M,1,A,C,5
Charter,Holden High School,10th,M,1,A,B,7
Charter,Holden High School,10th,M,1,A,A,3
Charter,Holden High School,11th,F,1,D,C,3
Charter,Holden High School,11th,F,1,D,B,2
Charter,Holden High School,11th,F,1,D,A,1
Charter,Holden High School,11th,F,1,C,D,1
Charter,Holden High School,11th,F,1,C,C,2
Charter,Holden High School,11th,F,1,C,B,5
Charter,Holden High School,11th,F,1,C,A,7
Charter,Holden High School,11th,F,1,B,D,1
Charter,Holden High School,11th,F,1,B,C,7
Charter,Holden High School,11th,F,1,B,B,6
Charter,Holden High School,11th,F,1,B,A,5
Charter,Holden High School,11th,F,1,A,D,1
Charter,Holden High School,11th,F,1,A,C,7
Charter,Holden High School,11th,F,1,A,B,7
Charter,Holden High School,11th,F,1,A,A,8
Charter,Holden High School,11th,M,1,D,C,1
Charter,Holden High School,11th,M,1,D,B,2
Charter,Holden High School,11th,M,1,C,C,3
Charter,Holden High School,11th,M,1,C,B,3
Charter,Holden High School,11th,M,1,C,A,2
Charter,Holden High School,11th,M,1,B,C,4
Charter,Holden High School,11th,M,1,B,B,3
Charter,Holden High School,11th,M,1,B,A,5
Charter,Holden High School,11th,M,1,A,D,1
Charter,Holden High School,11th,M,1,A,C,4
Charter,Holden High School,11th,M,1,A,B,7
Charter,Holden High School,11th,M,1,A,A,5
Charter,Holden High School,12th,F,1,D,C,1
Charter,Holden High School,12th,F,1,D,B,1
Charter,Holden High School,12th,F,1,C,C,6
Charter,Holden High School,12th,F,1,C,B,4
Charter,Holden High School,12th,F,1,C,A,6
Charter,Holden High School,12th,F,1,B,C,5
Charter,Holden High School,12th,F,1,B,B,2
Charter,Holden High School,12th,F,1,B,A,4
Charter,Holden High School,12th,F,1,A,B,7
Charter,Holden High School,12th,F,1,A,A,4
Charter,Holden High School,12th,M,1,D,B,1
Charter,Holden High School,12th,M,1,D,A,1
Charter,Holden High School,12th,M,1,C,C,6
Charter,Holden High School,12th,M,1,C,A,7
Charter,Holden High School,12th,M,1,B,C,6
Charter,Holden High School,12th,M,1,B,B,5
Charter,Holden High School,12th,M,1,B,A,6
Charter,Holden High School,12th,M,1,A,D,1
Charter,Holden High School,12th,M,1,A,C,3
Charter,Holden High School,12th,M,1,A,B,2
Charter,Holden High School,12th,M,1,A,A,5
Charter,Holden High School,9th,F,1,D,D,1
Charter,Holden High School,9th,F,1,D,C,1
Charter,Holden High School,9th,F,1,D,B,2
Charter,Holden High School,9th,F,1,D,A,1
Charter,Holden High School,9th,F,1,C,C,7
Charter,Holden High School,9th,F,1,C,B,5
Charter,Holden High School,9th,F,1,C,A,5
Charter,Holden High School,9th,F,1,B,C,8
Charter,Holden High School,9th,F,1,B,B,5
Charter,Holden High School,9th,F,1,B,A,8
Charter,Holden High School,9th,F,1,A,D,1
Charter,Holden High School,9th,F,1,A,C,5
Charter,Holden High School,9th,F,1,A,B,7
Charter,Holden High School,9th,F,1,A,A,5
Charter,Holden High School,9th,M,1,D,C,2
Charter,Holden High School,9th,M,1,D,B,3
Charter,Holden High School,9th,M,1,D,A,1
Charter,Holden High School,9th,M,1,C,D,2
Charter,Holden High School,9th,M,1,C,C,3
Charter,Holden High School,9th,M,1,C,B,6
Charter,Holden High School,9th,M,1,C,A,7
Charter,Holden High School,9th,M,1,B,D,2
Charter,Holden High School,9th,M,1,B,C,5
Charter,Holden High School,9th,M,1,B,B,6
Charter,Holden High School,9th,M,1,B,A,5
Charter,Holden High School,9th,M,1,A,D,1
Charter,Holden High School,9th,M,1,A,C,7
Charter,Holden High School,9th,M,1,A,B,6
Charter,Holden High School,9th,M,1,A,A,10
Charter,Pena High School,10th,F,1,D,C,3
Charter,Pena High School,10th,F,1,D,B,2
Charter,Pena High School,10th,F,1,D,A,2
Charter,Pena High School,10th,F,1,C,D,1
Charter,Pena High School,10th,F,1,C,C,16
Charter,Pena High School,10th,F,1,C,B,14
Charter,Pena High School,10th,F,1,C,A,14
Charter,Pena High School,10th,F,1,B,D,3
Charter,Pena High School,10th,F,1,B,C,15
Charter,Pena High School,10th,F,1,B,B,10
Charter,Pena High School,10th,F,1,B,A,7
Charter,Pena High School,10th,F,1,A,D,1
Charter,Pena High School,10th,F,1,A,C,12
Charter,Pena High School,10th,F,1,A,B,16
Charter,Pena High School,10th,F,1,A,A,15
Charter,Pena High School,10th,M,1,D,C,3
Charter,Pena High School,10th,M,1,D,B,3
Charter,Pena High School,10th,M,1,D,A,1
Charter,Pena High School,10th,M,1,C,D,2
Charter,Pena High School,10th,M,1,C,C,11
Charter,Pena High School,10th,M,1,C,B,9
Charter,Pena High School,10th,M,1,C,A,15
Charter,Pena High School,10th,M,1,B,D,2
Charter,Pena High School,10th,M,1,B,C,14
Charter,Pena High School,10th,M,1,B,B,12
Charter,Pena High School,10th,M,1,B,A,13
Charter,Pena High School,10th,M,1,A,D,2
Charter,Pena High School,10th,M,1,A,C,9
Charter,Pena High School,10th,M,1,A,B,7
Charter,Pena High School,10th,M,1,A,A,16
Charter,Pena High School,11th,F,1,D,C,3
Charter,Pena High School,11th,F,1,D,B,3
Charter,Pena High School,11th,F,1,D,A,2
Charter,Pena High School,11th,F,1,C,D,2
Charter,Pena High School,11th,F,1,C,C,17
Charter,Pena High School,11th,F,1,C,B,15
Charter,Pena High School,11th,F,1,C,A,9
Charter,Pena High School,11th,F,1,B,D,2
Charter,Pena High School,11th,F,1,B,C,10
Charter,Pena High School,11th,F,1,B,B,11
Charter,Pena High School,11th,F,1,B,A,18
Charter,Pena High School,11th,F,1,A,D,1
Charter,Pena High School,11th,F,1,A,C,13
Charter,Pena High School,11th,F,1,A,B,16
Charter,Pena High School,11th,F,1,A,A,15
Charter,Pena High School,11th,M,1,D,A,2
Charter,Pena High School,11th,M,1,C,D,2
Charter,Pena High School,11th,M,1,C,C,13
Charter,Pena High School,11th,M,1,C,B,11
Charter,Pena High School,11th,M,1,C,A,11
Charter,Pena High School,11th,M,1,B,D,2
Charter,Pena High School,11th,M,1,B,C,7
Charter,Pena High School,11th,M,1,B,B,12
Charter,Pena High School,11th,M,1,B,A,15
Charter,Pena High School,11th,M,1,A,D,4
Charter,Pena High School,11th,M,1,A,C,15
Charter,Pena High School,11th,M,1,A,B,10
Charter,Pena High School,11th,M,1,A,A,15
Charter,Pena High School,12th,F,1,D,C,1
Charter,Pena High School,12th,F,1,D,B,2
Charter,Pena High School,12th,F,1,D,A,3
Charter,Pena High School,12th,F,1,C,D,1
Charter,Pena High School,12th,F,1,C,C,11
Charter,Pena High School,12th,F,1,C,B,11
Charter,Pena High School,12th,F,1,C,A,4
Charter,Pena High School,12th,F,1,B,D,3
Charter,Pena High School,12th,F,1,B,C,9
Charter,Pena High School,12th,F,1,B,B,5
Charter,Pena High School,12th,F,1,B,A,12
Charter,Pena High School,12th,F,1,A,D,1
Charter,Pena High School,12th,F,1,A,C,9
Charter,Pena High School,12th,F,1,A,B,13
Charter,Pena High School,12th,F,1,A,A,15
Charter,Pena High School,12th,M,1,D,C,1
Charter,Pena High School,12th,M,1,D,A,2
Charter,Pena High School,12th,M,1,C,D,3
Charter,Pena High School,12th,M,1,C,C,5
Charter,Pena High School,12th,M,1,C,B,10
Charter,Pena High School,12th,M,1,C,A,10
Charter,Pena High School,12th,M,1,B,D,2
Charter,Pena High School,12th,M,1,B,C,10
Charter,Pena High School,12th,M,1,B,B,7
Charter,Pena High School,12th,M,1,B,A,7
Charter,Pena High School,12th,M,1,A,C,8
Charter,Pena High School,12th,M,1,A,B,4
Charter,Pena High School,12th,M,1,A,A,12
Charter,Pena High School,9th,F,1,D,C,3
Charter,Pena High School,9th,F,1,D,B,1
Charter,Pena High School,9th,F,1,D,A,3
Charter,Pena High School,9th,F,1,C,D,1
Charter,Pena High School,9th,F,1,C,C,13
Charter,Pena High School,9th,F,1,C,B,17
Charter,Pena High School,9th,F,1,C,A,10
Charter,Pena High School,9th,F,1,B,C,18
Charter,Pena High School,9th,F,1,B,B,16
Charter,Pena High School,9th,F,1,B,A,10
Charter,Pena High School,9th,F,1,A,D,2
Charter,Pena High School,9th,F,1,A,C,14
Charter,Pena High School,9th,F,1,A,B,16
Charter,Pena High School,9th,F,1,A,A,15
Charter,Pena High School,9th,M,1,D,C,7
Charter,Pena High School,9th,M,1,D,B,2
Charter,Pena High School,9th,M,1,D,A,3
Charter,Pena High School,9th,M,1,C,C,13
Charter,Pena High School,9th,M,1,C,B,13
Charter,Pena High School,9th,M,1,C,A,17
Charter,Pena High School,9th,M,1,B,C,9
Charter,Pena High School,9th,M,1,B,B,12
Charter,Pena High School,9th,M,1,B,A,13
Charter,Pena High School,9th,M,1,A,D,2
Charter,Pena High School,9th,M,1,A,C,17
Charter,Pena High School,9th,M,1,A,B,15
Charter,Pena High School,9th,M,1,A,A,13
Charter,Shelton High School,10th,F,1,D,C,3
Charter,Shelton High School,10th,F,1,D,B,4
Charter,Shelton High School,10th,F,1,D,A,7
Charter,Shelton High School,10th,F,1,C,D,7
Charter,Shelton High School,10th,F,1,C,C,32
Charter,Shelton High School,10th,F,1,C,B,30
Charter,Shelton High School,10th,F,1,C,A,21
Charter,Shelton High School,10th,F,1,B,D,6
Charter,Shelton High School,10th,F,1,B,C,25
Charter,Shelton High School,10th,F,1,B,B,23
Charter,Shelton High School,10th,F,1,B,A,24
Charter,Shelton High School,10th,F,1,A,D,2
Charter,Shelton High School,10th,F,1,A,C,16
Charter,Shelton High School,10th,F,1,A,B,25
Charter,Shelton High School,10th,F,1,A,A,27
Charter,Shelton High School,10th,M,1,D,D,2
Charter,Shelton High School,10th,M,1,D,C,5
Charter,Shelton High School,10th,M,1,D,B,3
Charter,Shelton High School,10th,M,1,D,A,6
Charter,Shelton High School,10th,M,1,C,D,5
Charter,Shelton High School,10th,M,1,C,C,16
Charter,Shelton High School,10th,M,1,C,B,21
Charter,Shelton High School,10th,M,1,C,A,16
Charter,Shelton High School,10th,M,1,B,D,2
Charter,Shelton High School,10th,M,1,B,C,19
Charter,Shelton High School,10th,M,1,B,B,21
Charter,Shelton High School,10th,M,1,B,A,19
Charter,Shelton High School,10th,M,1,A,D,4
Charter,Shelton High School,10th,M,1,A,C,18
Charter,Shelton High School,10th,M,1,A,B,21
Charter,Shelton High School,10th,M,1,A,A,18
Charter,Shelton High School,11th,F,1,D,C,3
Charter,Shelton High School,11th,F,1,D,B,4
Charter,Shelton High School,11th,F,1,D,A,5
Charter,Shelton High School,11th,F,1,C,D,3
Charter,Shelton High School,11th,F,1,C,C,19
Charter,Shelton High School,11th,F,1,C,B,25
Charter,Shelton High School,11th,F,1,C,A,16
Charter,Shelton High School,11th,F,1,B,D,1
Charter,Shelton High School,11th,F,1,B,C,25
Charter,Shelton High School,11th,F,1,B,B,15
Charter,Shelton High School,11th,F,1,B,A,38
Charter,Shelton High School,11th,F,1,A,D,1
Charter,Shelton High School,11th,F,1,A,C,24
Charter,Shelton High School,11th,F,1,A,B,12
Charter,Shelton High School,11th,F,1,A,A,12
Charter,Shelton High School,11th,M,1,D,C,2
Charter,Shelton High School,11th,M,1,D,B,3
Charter,Shelton High School,11th,M,1,D,A,4
Charter,Shelton High School,11th,M,1,C,D,1
Charter,Shelton High School,11th,M,1,C,C,22
Charter,Shelton High School,11th,M,1,C,B,18
Charter,Shelton High School,11th,M,1,C,A,25
Charter,Shelton High School,11th,M,1,B,D,2
Charter,Shelton High School,11th,M,1,B,C,22
Charter,Shelton High School,11th,M,1,B,B,14
Charter,Shelton High School,11th,M,1,B,A,31
Charter,Shelton High School,11th,M,1,A,D,3
Charter,Shelton High School,11th,M,1,A,C,18
Charter,Shelton High School,11th,M,1,A,B,21
Charter,Shelton High School,11th,M,1,A,A,23
Charter,Shelton High School,12th,F,1,D,C,3
Charter,Shelton High School,12th,F,1,D,B,2
Charter,Shelton High School,12th,F,1,D,A,4
Charter,Shelton High School,12th,F,1,C,D,4
Charter,Shelton High School,12th,F,1,C,C,19
Charter,Shelton High School,12th,F,1,C,B,18
Charter,Shelton High School,12th,F,1,C,A,12
Charter,Shelton High School,12th,F,1,B,D,6
Charter,Shelton High School,12th,F,1,B,C,21
Charter,Shelton High School,12th,F,1,B,B,16
Charter,Shelton High School,12th,F,1,B,A,20
Charter,Shelton High School,12th,F,1,A,D,1
Charter,Shelton High School,12th,F,1,A,C,26
Charter,Shelton High School,12th,F,1,A,B,16
Charter,Shelton High School,12th,F,1,A,A,12
Charter,Shelton High School,12th,M,1,D,C,7
Charter,Shelton High School,12th,M,1,D,B,3
Charter,Shelton High School,12th,M,1,D,A,3
Charter,Shelton High School,12th,M,1,C,D,3
Charter,Shelton High School,12th,M,1,C,C,12
Charter,Shelton High School,12th,M,1,C,B,25
Charter,Shelton High School,12th,M,1,C,A,19
Charter,Shelton High School,12th,M,1,B,D,1
Charter,Shelton High School,12th,M,1,B,C,18
Charter,Shelton High School,12th,M,1,B,B,14
Charter,Shelton High School,12th,M,1,B,A,18
Charter,Shelton High School,12th,M,1,A,D,2
Charter,Shelton High School,12th,M,1,A,C,32
Charter,Shelton High School,12th,M,1,A,B,18
Charter,Shelton High School,12th,M,1,A,A,16
Charter,Shelton High School,9th,F,1,D,D,1
Charter,Shelton High School,9th,F,1,D,C,1
Charter,Shelton High School,9th,F,1,D,B,7
Charter,Shelton High School,9th,F,1,D,A,7
Charter,Shelton High School,9th,F,1,C,D,3
Charter,Shelton High School,9th,F,1,C,C,23
Charter,Shelton High School,9th,F,1,C,B,20
Charter,Shelton High School,9th,F,1,C,A,23
Charter,Shelton High School,9th,F,1,B,D,3
Charter,Shelton High School,9th,F,1,B,C,26
Charter,Shelton High School,9th,F,1,B,B,32
Charter,Shelton High School,9th,F,1,B,A,19
Charter,Shelton High School,9th,F,1,A,D,3
Charter,Shelton High School,9th,F,1,A,C,22
Charter,Shelton High School,9th,F,1,A,B,36
Charter,Shelton High School,9th,F,1,A,A,25
Charter,Shelton High School,9th,M,1,D,C,4
Charter,Shelton High School,9th,M,1,D,B,8
Charter,Shelton High School,9th,M,1,D,A,7
Charter,Shelton High School,9th,M,1,C,D,2
Charter,Shelton High School,9th,M,1,C,C,34
Charter,Shelton High School,9th,M,1,C,B,27
Charter,Shelton High School,9th,M,1,C,A,24
Charter,Shelton High School,9th,M,1,B,D,1
Charter,Shelton High School,9th,M,1,B,C,22
Charter,Shelton High School,9th,M,1,B,B,39
Charter,Shelton High School,9th,M,1,B,A,27
Charter,Shelton High School,9th,M,1,A,D,4
Charter,Shelton High School,9th,M,1,A,C,25
Charter,Shelton High School,9th,M,1,A,B,27
Charter,Shelton High School,9th,M,1,A,A,28
Charter,Thomas High School,10th,F,1,D,D,1
Charter,Thomas High School,10th,F,1,D,C,4
Charter,Thomas High School,10th,F,1,D,B,3
Charter,Thomas High School,10th,F,1,D,A,8
Charter,Thomas High School,10th,F,1,C,D,4
Charter,Thomas High School,10th,F,1,C,C,29
Charter,Thomas High School,10th,F,1,C,B,22
Charter,Thomas High School,10th,F,1,C,A,27
Charter,Thomas High School,10th,F,1,B,D,2
Charter,Thomas High School,10th,F,1,B,C,18
Charter,Thomas High School,10th,F,1,B,B,21
Charter,Thomas High School,10th,F,1,B,A,19
Charter,Thomas High School,10th,F,1,A,D,1
Charter,Thomas High School,10th,F,1,A,C,19
Charter,Thomas High School,10th,F,1,A,B,20
Charter,Thomas High School,10th,F,1,A,A,23
Charter,Thomas High School,10th,M,1,D,C,5
Charter,Thomas High School,10th,M,1,D,B,2
Charter,Thomas High School,10th,M,1,D,A,2
Charter,Thomas High School,10th,M,1,C,D,1
Charter,Thomas High School,10th,M,1,C,C,16
Charter,Thomas High School,10th,M,1,C,B,18
Charter,Thomas High School,10th,M,1,C,A,19
Charter,Thomas High School,10th,M,1,B,C,20
Charter,Thomas High School,10th,M,1,B,B,31
Charter,Thomas High School,10th,M,1,B,A,23
Charter,Thomas High School,10th,M,1,A,D,1
Charter,Thomas High School,10th,M,1,A,C,23
Charter,Thomas High School,10th,M,1,A,B,20
Charter,Thomas High School,10th,M,1,A,A,19
Charter,Thomas High School,11th,F,1,D,C,3
Charter,Thomas High School,11th,F,1,D,B,8
Charter,Thomas High School,11th,F,1,D,A,5
Charter,Thomas High School,11th,F,1,C,D,1
Charter,Thomas High School,11th,F,1,C,C,22
Charter,Thomas High School,11th,F,1,C,B,22
Charter,Thomas High School,11th,F,1,C,A,20
Charter,Thomas High School,11th,F,1,B,C,12
Charter,Thomas High School,11th,F,1,B,B,20
Charter,Thomas High School,11th,F,1,B,A,21
Charter,Thomas High School,11th,F,1,A,D,1
Charter,Thomas High School,11th,F,1,A,C,28
Charter,Thomas High School,11th,F,1,A,B,32
Charter,Thomas High School,11th,F,1,A,A,21
Charter,Thomas High School,11th,M,1,D,D,2
Charter,Thomas High School,11th,M,1,D,C,5
Charter,Thomas High School,11th,M,1,D,B,4
Charter,Thomas High School,11th,M,1,D,A,4
Charter,Thomas High School,11th,M,1,C,D,3
Charter,Thomas High School,11th,M,1,C,C,21
Charter,Thomas High School,11th,M,1,C,B,22
Charter,Thomas High School,11th,M,1,C,A,18
Charter,Thomas High School,11th,M,1,B,D,3
Charter,Thomas High School,11th,M,1,B,C,22
Charter,Thomas High School,11th,M,1,B,B,20
Charter,Thomas High School,11th,M,1,B,A,21
Charter,Thomas High School,11th,M,1,A,D,2
Charter,Thomas High School,11th,M,1,A,C,23
Charter,Thomas High School,11th,M,1,A,B,13
Charter,Thomas High School,11th,M,1,A,A,16
Charter,Thomas High School,12th,F,1,D,D,2
Charter,Thomas High School,12th,F,1,D,C,6
Charter,Thomas High School,12th,F,1,D,B,1
Charter,Thomas High School,12th,F,1,D,A,2
Charter,Thomas High School,12th,F,1,C,D,2
Charter,Thomas High School,12th,F,1,C,C,22
Charter,Thomas High School,12th,F,1,C,B,10
Charter,Thomas High School,12th,F,1,C,A,15
Charter,Thomas High School,12th,F,1,B,D,2
Charter,Thomas High School,12th,F,1,B,C,9
Charter,Thomas High School,12th,F,1,B,B,16
Charter,Thomas High School,12th,F,1,B,A,17
Charter,Thomas High School,12th,F,1,A,D,3
Charter,Thomas High School,12th,F,1,A,C,28
Charter,Thomas High School,12th,F,1,A,B,22
Charter,Thomas High School,12th,F,1,A,A,15
Charter,Thomas High School,12th,M,1,D,C,5
Charter,Thomas High School,12th,M,1,D,B,5
Charter,Thomas High School,12th,M,1,D,A,3
Charter,Thomas High School,12th,M,1,C,D,1
Charter,Thomas High School,12th,M,1,C,C,13
Charter,Thomas High School,12th,M,1,C,B,20
Charter,Thomas High School,12th,M,1,C,A,22
Charter,Thomas High School,12th,M,1,B,D,1
Charter,Thomas High School,12th,M,1,B,C,13
Charter,Thomas High School,12th,M,1,B,B,23
Charter,Thomas High School,12th,M,1,B,A,21
Charter,Thomas High School,12th,M,1,A,D,2
Charter,Thomas High School,12th,M,1,A,C,11
Charter,Thomas High School,12th,M,1,A,B,17
Charter,Thomas High School,12th,M,1,A,A,9
Charter,Thomas High School,9th,F,1,D,C,7
Charter,Thomas High School,9th,F,1,D,B,7
Charter,Thomas High School,9th,F,1,D,A,5
Charter,Thomas High School,9th,F,1,C,D,2
Charter,Thomas High School,9th,F,1,C,C,32
Charter,Thomas High School,9th,F,1,C,B,17
Charter,Thomas High School,9th,F,1,C,A,35
Charter,Thomas High School,9th,F,1,B,D,1
Charter,Thomas High School,9th,F,1,B,C,27
Charter,Thomas High School,9th,F,1,B,B,17
Charter,Thomas High School,9th,F,1,B,A,16
Charter,Thomas High School,9th,F,1,A,C,25
Charter,Thomas High School,9th,F,1,A,B,28
Charter,Thomas High School,9th,F,1,A,A,22
Charter,Thomas High School,9th,M,1,D,D,1
Charter,Thomas High School,9th,M,1,D,C,3
Charter,Thomas High School,9th,M,1,D,B,2
Charter,Thomas High School,9th,M,1,D,A,5
Charter,Thomas High School,9th,M,1,C,D,1
Charter,Thomas High School,9th,M,1,C,C,25
Charter,Thomas High School,9th,M,1,C,B,19
Charter,Thomas High School,9th,M,1,C,A,12
Charter,Thomas High School,9th,M,1,B,D,1
Charter,Thomas High School,9th,M,1,B,C,26
Charter,Thomas High School,9th,M,1,B,B,29
Charter,Thomas High School,9th,M,1,B,A,20
Charter,Thomas High School,9th,M,1,A,D,3
Charter,Thomas High School,9th,M,1,A,C,22
Charter,Thomas High School,9th,M,1,A,B,25
Charter,Thomas High School,9th,M,1,A,A,26
Charter,Wilson High School,10th,F,1,D,C,8
Charter,Wilson High School,10th,F,1,D,B,2
Charter,Wilson High School,10th,F,1,D,A,6
Charter,Wilson High School,10th,F,1,C,D,1
Charter,Wilson High School,10th,F,1,C,C,34
Charter,Wilson High School,10th,F,1,C,B,45
Charter,Wilson High School,10th,F,1,C,A,27
Charter,Wilson High School,10th,F,1,B,D,7
Charter,Wilson High School,10th,F,1,B,C,22
Charter,Wilson High School,10th,F,1,B,B,41
Charter,Wilson High School,10th,F,1,B,A,23
Charter,Wilson High School,10th,F,1,A,D,4
Charter,Wilson High School,10th,F,1,A,C,34
Charter,Wilson High School,10th,F,1,A,B,37
Charter,Wilson High School,10th,F,1,A,A,29
Charter,Wilson High School,10th,M,1,D,D,2
Charter,Wilson High School,10th,M,1,D,C,6
Charter,Wilson High School,10th,M,1,D,B,4
Charter,Wilson High School,10th,M,1,D,A,7
Charter,Wilson High School,10th,M,1,C,D,3
Charter,Wilson High School,10th,M,1,C,C,27
Charter,Wilson High School,10th,M,1,C,B,28
Charter,Wilson High School,10th,M,1,C,A,27
Charter,Wilson High School,10th,M,1,B,D,4
Charter,Wilson High School,10th,M,1,B,C,17
Charter,Wilson High School,10th,M,1,B,B,36
Charter,Wilson High School,10th,M,1,B,A,30
Charter,Wilson High School,10th,M,1,A,D,2
Charter,Wilson High School,10th,M,1,A,C,29
Charter,Wilson High School,10th,M,1,A,B,36
Charter,Wilson High School,10th,M,1,A,A,28
Charter,Wilson High School,11th,F,1,D,C,9
Charter,Wilson High School,11th,F,1,D,B,1
Charter,Wilson High School,11th,F,1,D,A,8
Charter,Wilson High School,11th,F,1,C,D,2
Charter,Wilson High School,11th,F,1,C,C,31
Charter,Wilson High School,11th,F,1,C,B,36
Charter,Wilson High School,11th,F,1,C,A,22
Charter,Wilson High School,11th,F,1,B,D,5
Charter,Wilson High School,11th,F,1,B,C,39
Charter,Wilson High School,11th,F,1,B,B,22
Charter,Wilson High School,11th,F,1,B,A,36
Charter,Wilson High School,11th,F,1,A,D,5
Charter,Wilson High School,11th,F,1,A,C,36
Charter,Wilson High School,11th,F,1,A,B,29
Charter,Wilson High School,11th,F,1,A,A,28
Charter,Wilson High School,11th,M,1,D,D,1
Charter,Wilson High School,11th,M,1,D,C,5
Charter,Wilson High School,11th,M,1,D,B,9
Charter,Wilson High School,11th,M,1,D,A,5
Charter,Wilson High School,11th,M,1,C,D,4
Charter,Wilson High School,11th,M,1,C,C,31
Charter,Wilson High School,11th,M,1,C,B,30
Charter,Wilson High School,11th,M,1,C,A,32
Charter,Wilson High School,11th,M,1,B,D,1
Charter,Wilson High School,11th,M,1,B,C,30
Charter,Wilson High School,11th,M,1,B,B,27
Charter,Wilson High School,11th,M,1,B,A,31
Charter,Wilson High School,11th,M,1,A,D,2
Charter,Wilson High School,11th,M,1,A,C,24
Charter,Wilson High School,11th,M,1,A,B,31
Charter,Wilson High School,11th,M,1,A,A,27
Charter,Wilson High School,12th,F,1,D,D,1
Charter,Wilson High School,12th,F,1,D,C,5
Charter,Wilson High School,12th,F,1,D,B,3
Charter,Wilson High School,12th,F,1,D,A,7
Charter,Wilson High School,12th,F,1,C,D,5
Charter,Wilson High School,12th,F,1,C,C,24
Charter,Wilson High School,12th,F,1,C,B,26
Charter,Wilson High School,12th,F,1,C,A,24
Charter,Wilson High School,12th,F,1,B,D,5
Charter,Wilson High School,12th,F,1,B,C,25
Charter,Wilson High School,12th,F,1,B,B,26
Charter,Wilson High School,12th,F,1,B,A,26
Charter,Wilson High School,12th,F,1,A,D,1
Charter,Wilson High School,12th,F,1,A,C,20
Charter,Wilson High School,12th,F,1,A,B,24
Charter,Wilson High School,12th,F,1,A,A,21
Charter,Wilson High School,12th,M,1,D,C,3
Charter,Wilson High School,12th,M,1,D,B,3
Charter,Wilson High School,12th,M,1,D,A,3
Charter,Wilson High School,12th,M,1,C,D,2
Charter,Wilson High School,12th,M,1,C,C,22
Charter,Wilson High School,12th,M,1,C,B,23
Charter,Wilson High School,12th,M,1,C,A,19
Charter,Wilson High School,12th,M,1,B,D,1
Charter,Wilson High School,12th,M,1,B,C,18
Charter,Wilson High School,12th,M,1,B,B,21
Charter,Wilson High School,12th,M,1,B,A,29
Charter,Wilson High School,12th,M,1,A,D,1
Charter,Wilson High School,12th,M,1,A,C,20
Charter,Wilson High School,12th,M,1,A,B,22
Charter,Wilson High School,12th,M,1,A,A,17
Charter,Wilson High School,9th,F,1,D,C,7
Charter,Wilson High School,9th,F,1,D,B,8
Charter,Wilson High School,9th,F,1,D,A,5
Charter,Wilson High School,9th,F,1,C,D,1
Charter,Wilson High School,9th,F,1,C,C,30
Charter,Wilson High School,9th,F,1,C,B,43
Charter,Wilson High School,9th,F,1,C,A,30
Charter,Wilson High School,9th,F,1,B,D,2
Charter,Wilson High School,9th,F,1,B,C,32
Charter,Wilson High School,9th,F,1,B,B,25
Charter,Wilson High School,9th,F,1,B,A,32
Charter,Wilson High School,9th,F,1,A,D,4
Charter,Wilson High School,9th,F,1,A,C,27
Charter,Wilson High School,9th,F,1,A,B,22
Charter,Wilson High School,9th,F,1,A,A,31
Charter,Wilson High School,9th,M,1,D,C,8
Charter,Wilson High School,9th,M,1,D,B,10
Charter,Wilson High School,9th,M,1,D,A,4
Charter,Wilson High School,9th,M,1,C,D,7
Charter,Wilson High School,9th,M,1,C,C,31
Charter,Wilson High School,9th,M,1,C,B,29
Charter,Wilson High School,9th,M,1,C,A,39
Charter,Wilson High School,9th,M,1,B,D,3
Charter,Wilson High School,9th,M,1,B,C,34
Charter,Wilson High School,9th,M,1,B,B,34
Charter,Wilson High School,9th,M,1,B,A,28
Charter,Wilson High School,9th,M,1,A,D,3
Charter,Wilson High School,9th,M,1,A,C,37
Charter,Wilson High School,9th,M,1,A,B,33
Charter,Wilson High School,9th,M,1,A,A,32
Charter,Wright High School,10th,F,1,D,C,2
Charter,Wright High School,10th,F,1,D,B,10
Charter,Wright High School,10th,F,1,D,A,3
Charter,Wright High School,10th,F,1,C,D,1
Charter,Wright High School,10th,F,1,C,C,24
Charter,Wright High School,10th,F,1,C,B,21
Charter,Wright High School,10th,F,1,C,A,22
Charter,Wright High School,10th,F,1,B,D,3
Charter,Wright High School,10th,F,1,B,C,24
Charter,Wright High School,10th,F,1,B,B,29
Charter,Wright High School,10th,F,1,B,A,22
Charter,Wright High School,10th,F,1,A,D,2
Charter,Wright High School,10th,F,1,A,C,19
Charter,Wright High School,10th,F,1,A,B,24
Charter,Wright High School,10th,F,1,A,A,27
Charter,Wright High School,10th,M,1,D,D,3
Charter,Wright High School,10th,M,1,D,C,7
Charter,Wright High School,10th,M,1,D,B,4
Charter,Wright High School,10th,M,1,D,A,4
Charter,Wright High School,10th,M,1,C,D,1
Charter,Wright High School,10th,M,1,C,C,24
Charter,Wright High School,10th,M,1,C,B,20
Charter,Wright High School,10th,M,1,C,A,24
Charter,Wright High School,10th,M,1,B,D,2
Charter,Wright High School,10th,M,1,B,C,32
Charter,Wright High School,10th,M,1,B,B,22
Charter,Wright High School,10th,M,1,B,A,23
Charter,Wright High School,10th,M,1,A,D,3
Charter,Wright High School,10th,M,1,A,C,26
Charter,Wright High School,10th,M,1,A,B,33
Charter,Wright High School,10th,M,1,A,A,25
Charter,Wright High School,11th,F,1,D,D,2
Charter,Wright High School,11th,F,1,D,C,5
Charter,Wright High School,11th,F,1,D,B,5
Charter,Wright High School,11th,F,1,D,A,6
Charter,Wright High School,11th,F,1,C,D,2
Charter,Wright High School,11th,F,1,C,C,24
Charter,Wright High School,11th,F,1,C,B,22
Charter,Wright High School,11th,F,1,C,A,20
Charter,Wright High School,11th,F,1,B,D,2
Charter,Wright High School,11th,F,1,B,C,18
Charter,Wright High School,11th,F,1,B,B,23
Charter,Wright High School,11th,F,1,B,A,25
Charter,Wright High School,11th,F,1,A,D,3
Charter,Wright High School,11th,F,1,A,C,27
Charter,Wright High School,11th,F,1,A,B,27
Charter,Wright High School,11th,F,1,A,A,19
Charter,Wright High School,11th,M,1,D,C,4
Charter,Wright High School,11th,M,1,D,B,6
Charter,Wright High School,11th,M,1,D,A,4
Charter,Wright High School,11th,M,1,C,C,21
Charter,Wright High School,11th,M,1,C,B,25
Charter,Wright High School,11th,M,1,C,A,17
Charter,Wright High School,11th,M,1,B,D,2
Charter,Wright High School,11th,M,1,B,C,16
Charter,Wright High School,11th,M,1,B,B,21
Charter,Wright High School,11th,M,1,B,A,18
Charter,Wright High School,11th,M,1,A,D,1
Charter,Wright High School,11th,M,1,A,C,21
Charter,Wright High School,11th,M,1,A,B,18
Charter,Wright High School,11th,M,1,A,A,31
Charter,Wright High School,12th,F,1,D,C,4
Charter,Wright High School,12th,F,1,D,B,5
Charter,Wright High School,12th,F,1,D,A,4
Charter,Wright High School,12th,F,1,C,C,12
Charter,Wright High School,12th,F,1,C,B,15
Charter,Wright High School,12th,F,1,C,A,18
Charter,Wright High School,12th,F,1,B,D,2
Charter,Wright High School,12th,F,1,B,C,25
Charter,Wright High School,12th,F,1,B,B,15
Charter,Wright High School,12th,F,1,B,A,14
Charter,Wright High School,12th,F,1,A,D,3
Charter,Wright High School,12th,F,1,A,C,17
Charter,Wright High School,12th,F,1,A,B,21
Charter,Wright High School,12th,F,1,A,A,22
Charter,Wright High School,12th,M,1,D,C,6
Charter,Wright High School,12th,M,1,D,B,2
Charter,Wright High School,12th,M,1,D,A,4
Charter,Wright High School,12th,M,1,C,D,4
Charter,Wright High School,12th,M,1,C,C,18
Charter,Wright High School,12th,M,1,C,B,23
Charter,Wright High School,12th,M,1,C,A,19
Charter,Wright High School,12th,M,1,B,C,18
Charter,Wright High School,12th,M,1,B,B,27
Charter,Wright High School,12th,M,1,B,A,16
Charter,Wright High School,12th,M,1,A,D,4
Charter,Wright High School,12th,M,1,A,C,14
Charter,Wright High School,12th,M,1,A,B,19
Charter,Wright High School,12th,M,1,A,A,18
Charter,Wright High School,9th,F,1,D,D,1
Charter,Wright High School,9th,F,1,D,C,6
Charter,Wright High School,9th,F,1,D,B,4
Charter,Wright High School,9th,F,1,D,A,3
Charter,Wright High School,9th,F,1,C,D,2
Charter,Wright High School,9th,F,1,C,C,25
Charter,Wright High School,9th,F,1,C,B,28
Charter,Wright High School,9th,F,1,C,A,28
Charter,Wright High School,9th,F,1,B,D,3
Charter,Wright High School,9th,F,1,B,C,19
Charter,Wright High School,9th,F,1,B,B,33
Charter,Wright High School,9th,F,1,B,A,26
Charter,Wright High School,9th,F,1,A,D,5
Charter,Wright High School,9th,F,1,A,C,23
Charter,Wright High School,9th,F,1,A,B,26
Charter,Wright High School,9th,F,1,A,A,16
Charter,Wright High School,9th,M,1,D,D,1
Charter,Wright High School,9th,M,1,D,C,5
Charter,Wright High School,9th,M,1,D,B,1
Charter,Wright High School,9th,M,1,D,A,9
Charter,Wright High School,9th,M,1,C,D,3
Charter,Wright High School,9th,M,1,C,C,29
Charter,Wright High School,9th,M,1,C,B,24
Charter,Wright High School,9th,M,1,C,A,27
Charter,Wright High School,9th,M,1,B,D,5
Charter,Wright High School,9th,M,1,B,C,33
Charter,Wright High School,9th,M,1,B,B,27
Charter,Wright High School,9th,M,1,B,A,21
Charter,Wright High School,9th,M,1,A,D,1
Charter,Wright High School,9th,M,1,A,C,29
Charter,Wright High School,9th,M,1,A,B,22
Charter,Wright High School,9th,M,1,A,A,25
District,Bailey High School,10th,F,0,F,D,10
District,Bailey High School,10th,F,0,F,C,15
District,Bailey High School,10th,F,0,F,B,25
District,Bailey High School,10th,F,0,F,A,17
District,Bailey High School,10th,F,1,D,D,22
District,Bailey High School,10th,F,1,D,C,45
District,Bailey High School,10th,F,1,D,B,45
District,Bailey High School,10th,F,1,D,A,32
District,Bailey High School,10th,F,1,C,D,26
District,Bailey High School,10th,F,1,C,C,41
District,Bailey High School,10th,F,1,C,B,38
District,Bailey High School,10th,F,1,C,A,40
District,Bailey High School,10th,F,1,B,D,22
District,Bailey High School,10th,F,1,B,C,46
District,Bailey High School,10th,F,1,B,B,43
District,Bailey High School,10th,F,1,B,A,36
District,Bailey High School,10th,F,1,A,D,18
District,Bailey High School,10th,F,1,A,C,45
District,Bailey High School,10th,F,1,A,B,39
District,Bailey High School,10th,F,1,A,A,40
District,Bailey High School,10th,M,0,F,D,13
District,Bailey High School,10th,M,0,F,C,24
District,Bailey High School,10th,M,0,F,B,13
District,Bailey High School,10th,M,0,F,A,15
District,Bailey High School,10th,M,1,D,D,27
District,Bailey High School,10th,M,1,D,C,38
District,Bailey High School,10th,M,1,D,B,37
District,Bailey High School,10th,M,1,D,A,39
District,Bailey High School,10th,M,1,C,D,23
District,Bailey High School,10th,M,1,C,C,48
District,Bailey High School,10th,M,1,C,B,31
District,Bailey High School,10th,M,1,C,A,31
District,Bailey High School,10th,M,1,B,D,19
District,Bailey High School,10th,M,1,B,C,31
District,Bailey High School,10th,M,1,B,B,32
District,Bailey High School,10th,M,1,B,A,30
District,Bailey High School,10th,M,1,A,D,24
District,Bailey High School,10th,M,1,A,C,46
District,Bailey High School,10th,M,1,A,B,35
District,Bailey High School,10th,M,1,A,A,38
District,Bailey High School,11th,F,0,F,D,13
District,Bailey High School,11th,F,0,F,C,11
District,Bailey High School,11th,F,0,F,B,14
District,Bailey High School,11th,F,0,F,A,19
District,Bailey High School,11th,F,1,D,D,23
District,Bailey High School,11th,F,1,D,C,45
District,Bailey High School,11th,F,1,D,B,39
District,Bailey High School,11th,F,1,D,A,39
District,Bailey High School,11th,F,1,C,D,22
District,Bailey High School,11th,F,1,C,C,34
District,Bailey High School,11th,F,1,C,B,49
District,Bailey High School,11th,F,1,C,A,46
District,Bailey High School,11th,F,1,B,D,27
District,Bailey High School,11th,F,1,B,C,42
District,Bailey High School,11th,F,1,B,B,49
District,Bailey High School,11th,F,1,B,A,31
District,Bailey High School,11th,F,1,A,D,30
District,Bailey High School,11th,F,1,A,C,40
District,Bailey High School,11th,F,1,A,B,45
District,Bailey High School,11th,F,1,A,A,41
District,Bailey High School,11th,M,0,F,D,13
District,Bailey High School,11th,M,0,F,C,15
District,Bailey High School,11th,M,0,F,B,13
District,Bailey High School,11th,M,0,F,A,16
District,Bailey High School,11th,M,1,D,D,29
District,Bailey High School,11th,M,1,D,C,37
District,Bailey High School,11th,M,1,D,B,27
District,Bailey High School,11th,M,1,D,A,42
District,Bailey High School,11th,M,1,C,D,18
District,Bailey High School,11th,M,1,C,C,43
District,Bailey High School,11th,M,1,C,B,30
District,Bailey High School,11th,M,1,C,A,38
District,Bailey High School,11th,M,1,B,D,31
District,Bailey High School,11th,M,1,B,C,41
District,Bailey High School,11th,M,1,B,B,38
District,Bailey High School,11th,M,1,B,A,29
District,Bailey High School,11th,M,1,A,D,37
District,Bailey High School,11th,M,1,A,C,27
District,Bailey High School,11th,M,1,A,B,34
District,Bailey High School,11th,M,1,A,A,34
District,Bailey High School,12th,F,0,F,D,8
District,Bailey High School,12th,F,0,F,C,19
District,Bailey High School,12th,F,0,F,B,14
District,Bailey High School,12th,F,0,F,A,18
District,Bailey High School,12th,F,1,D,D,23
District,Bailey High School,12th,F,1,D,C,36
District,Bailey High School,12th,F,1,D,B,31
District,Bailey High School,12th,F,1,D,A,31
District,Bailey High School,12th,F,1,C,D,19
District,Bailey High School,12th,F,1,C,C,20
District,Bailey High School,12th,F,1,C,B,31
District,Bailey High School,12th,F,1,C,A,27
District,Bailey High School,12th,F,1,B,D,16
District,Bailey High School,12th,F,1,B,C,27
District,Bailey High School,12th,F,1,B,B,32
District,Bailey High School,12th,F,1,B,A,28
District,Bailey High School,12th,F,1,A,D,20
District,Bailey High School,12th,F,1,A,C,35
District,Bailey High School,12th,F,1,A,B,28
District,Bailey High School,12th,F,1,A,A,31
District,Bailey High School,12th,M,0,F,D,17
District,Bailey High School,12th,M,0,F,C,18
District,Bailey High School,12th,M,0,F,B,13
District,Bailey High School,12th,M,0,F,A,18
District,Bailey High School,12th,M,1,D,D,18
District,Bailey High School,12th,M,1,D,C,35
District,Bailey High School,12th,M,1,D,B,36
District,Bailey High School,12th,M,1,D,A,32
District,Bailey High School,12th,M,1,C,D,21
District,Bailey High School,12th,M,1,C,C,39
District,Bailey High School,12th,M,1,C,B,32
District,Bailey High School,12th,M,1,C,A,27
District,Bailey High School,12th,M,1,B,D,25
District,Bailey High School,12th,M,1,B,C,33
District,Bailey High School,12th,M,1,B,B,35
District,Bailey High School,12th,M,1,B,A,33
District,Bailey High School,12th,M,1,A,D,25
District,Bailey High School,12th,M,1,A,C,23
District,Bailey High School,12th,M,1,A,B,22
District,Bailey High School,12th,M,1,A,A,32
District,Bailey High School,9th,F,0,F,D,19
District,Bailey High School,9th,F,0,F,C,18
District,Bailey High School,9th,F,0,F,B,30
District,Bailey High School,9th,F,0,F,A,21
District,Bailey High School,9th,F,1,D,D,25
District,Bailey High School,9th,F,1,D,C,40
District,Bailey High School,9th,F,1,D,B,52
District,Bailey High School,9th,F,1,D,A,51
District,Bailey High School,9th,F,1,C,D,28
District,Bailey High School,9th,F,1,C,C,45
District,Bailey High School,9th,F,1,C,B,51
District,Bailey High School,9th,F,1,C,A,40
District,Bailey High School,9th,F,1,B,D,27
District,Bailey High School,9th,F,1,B,C,45
District,Bailey High School,9th,F,1,B,B,57
District,Bailey High School,9th,F,1,B,A,54
District,Bailey High School,9th,F,1,A,D,22
District,Bailey High School,9th,F,1,A,C,35
District,Bailey High School,9th,F,1,A,B,34
District,Bailey High School,9th,F,1,A,A,45
District,Bailey High School,9th,M,0,F,D,10
District,Bailey High School,9th,M,0,F,C,14
District,Bailey High School,9th,M,0,F,B,15
District,Bailey High School,9th,M,0,F,A,23
District,Bailey High School,9th,M,1,D,D,30
District,Bailey High School,9th,M,1,D,C,53
District,Bailey High School,9th,M,1,D,B,41
District,Bailey High School,9th,M,1,D,A,37
District,Bailey High School,9th,M,1,C,D,31
District,Bailey High School,9th,M,1,C,C,45
District,Bailey High School,9th,M,1,C,B,44
District,Bailey High School,9th,M,1,C,A,42
District,Bailey High School,9th,M,1,B,D,24
District,Bailey High School,9th,M,1,B,C,51
District,Bailey High School,9th,M,1,B,B,53
District,Bailey High School,9th,M,1,B,A,38
District,Bailey High School,9th,M,1,A,D,44
District,Bailey High School,9th,M,1,A,C,37
District,Bailey High School,9th,M,1,A,B,42
District,Bailey High School,9th,M,1,A,A,45
District,Figueroa High School,10th,F,0,F,D,7
District,Figueroa High School,10th,F,0,F,C,11
District,Figueroa High School,10th,F,0,F,B,16
District,Figueroa High School,10th,F,0,F,A,13
District,Figueroa High School,10th,F,1,D,D,13
District,Figueroa High School,10th,F,1,D,C,17
District,Figueroa High School,10th,F,1,D,B,26
District,Figueroa High School,10th,F,1,D,A,22
District,Figueroa High School,10th,F,1,C,D,15
District,Figueroa High School,10th,F,1,C,C,20
District,Figueroa High School,10th,F,1,C,B,19
District,Figueroa High School,10th,F,1,C,A,29
District,Figueroa High School,10th,F,1,B,D,16
District,Figueroa High School,10th,F,1,B,C,22
District,Figueroa High School,10th,F,1,B,B,19
District,Figueroa High School,10th,F,1,B,A,19
District,Figueroa High School,10th,F,1,A,D,15
District,Figueroa High School,10th,F,1,A,C,25
District,Figueroa High School,10th,F,1,A,B,22
District,Figueroa High School,10th,F,1,A,A,26
District,Figueroa High School,10th,M,0,F,D,9
District,Figueroa High School,10th,M,0,F,C,7
District,Figueroa High School,10th,M,0,F,B,9
District,Figueroa High School,10th,M,0,F,A,14
District,Figueroa High School,10th,M,1,D,D,16
District,Figueroa High School,10th,M,1,D,C,17
District,Figueroa High School,10th,M,1,D,B,34
District,Figueroa High School,10th,M,1,D,A,24
District,Figueroa High School,10th,M,1,C,D,20
District,Figueroa High School,10th,M,1,C,C,23
District,Figueroa High School,10th,M,1,C,B,27
District,Figueroa High School,10th,M,1,C,A,24
District,Figueroa High School,10th,M,1,B,D,21
District,Figueroa High School,10th,M,1,B,C,37
District,Figueroa High School,10th,M,1,B,B,22
District,Figueroa High School,10th,M,1,B,A,23
District,Figueroa High School,10th,M,1,A,D,11
District,Figueroa High School,10th,M,1,A,C,15
District,Figueroa High School,10th,M,1,A,B,19
District,Figueroa High School,10th,M,1,A,A,19
District,Figueroa High School,11th,F,0,F,D,8
District,Figueroa High School,11th,F,0,F,C,10
District,Figueroa High School,11th,F,0,F,B,11
District,Figueroa High School,11th,F,0,F,A,11
District,Figueroa High School,11th,F,1,D,D,14
District,Figueroa High School,11th,F,1,D,C,27
District,Figueroa High School,11th,F,1,D,B,20
District,Figueroa High School,11th,F,1,D,A,20
District,Figueroa High School,11th,F,1,C,D,13
District,Figueroa High School,11th,F,1,C,C,17
District,Figueroa High School,11th,F,1,C,B,16
District,Figueroa High School,11th,F,1,C,A,21
District,Figueroa High School,11th,F,1,B,D,11
District,Figueroa High School,11th,F,1,B,C,19
District,Figueroa High School,11th,F,1,B,B,19
District,Figueroa High School,11th,F,1,B,A,14
District,Figueroa High School,11th,F,1,A,D,28
District,Figueroa High School,11th,F,1,A,C,16
District,Figueroa High School,11th,F,1,A,B,21
District,Figueroa High School,11th,F,1,A,A,24
District,Figueroa High School,11th,M,0,F,D,7
District,Figueroa High School,11th,M,0,F,C,7
District,Figueroa High School,11th,M,0,F,B,11
District,Figueroa High School,11th,M,0,F,A,7
District,Figueroa High School,11th,M,1,D,D,20
District,Figueroa High School,11th,M,1,D,C,21
District,Figueroa High School,11th,M,1,D,B,27
District,Figueroa High School,11th,M,1,D,A,25
District,Figueroa High School,11th,M,1,C,D,20
District,Figueroa High School,11th,M,1,C,C,20
District,Figueroa High School,11th,M,1,C,B,26
District,Figueroa High School,11th,M,1,C,A,26
District,Figueroa High School,11th,M,1,B,D,15
District,Figueroa High School,11th,M,1,B,C,16
District,Figueroa High School,11th,M,1,B,B,23
District,Figueroa High School,11th,M,1,B,A,18
District,Figueroa High School,11th,M,1,A,D,19
District,Figueroa High School,11th,M,1,A,C,17
District,Figueroa High School,11th,M,1,A,B,23
District,Figueroa High School,11th,M,1,A,A,21
District,Figueroa High School,12th,F,0,F,D,3
District,Figueroa High School,12th,F,0,F,C,7
District,Figueroa High School,12th,F,0,F,B,11
District,Figueroa High School,12th,F,0,F,A,9
District,Figueroa High School,12th,F,1,D,D,10
District,Figueroa High School,12th,F,1,D,C,16
District,Figueroa High School,12th,F,1,D,B,19
District,Figueroa High School,12th,F,1,D,A,17
District,Figueroa High School,12th,F,1,C,D,9
District,Figueroa High School,12th,F,1,C,C,26
District,Figueroa High School,12th,F,1,C,B,18
District,Figueroa High School,12th,F,1,C,A,27
District,Figueroa High School,12th,F,1,B,D,15
District,Figueroa High School,12th,F,1,B,C,14
District,Figueroa High School,12th,F,1,B,B,22
District,Figueroa High School,12th,F,1,B,A,16
District,Figueroa High School,12th,F,1,A,D,9
District,Figueroa High School,12th,F,1,A,C,15
District,Figueroa High School,12th,F,1,A,B,23
District,Figueroa High School,12th,F,1,A,A,21
District,Figueroa High School,12th,M,0,F,D,8
District,Figueroa High School,12th,M,0,F,C,17
District,Figueroa High School,12th,M,0,F,B,4
District,Figueroa High School,12th,M,0,F,A,9
District,Figueroa High School,12th,M,1,D,D,14
District,Figueroa High School,12th,M,1,D,C,18
District,Figueroa High School,12th,M,1,D,B,18
District,Figueroa High School,12th,M,1,D,A,15
District,Figueroa High School,12th,M,1,C,D,13
District,Figueroa High School,12th,M,1,C,C,20
District,Figueroa High School,12th,M,1,C,B,22
District,Figueroa High School,12th,M,1,C,A,17
District,Figueroa High School,12th,M,1,B,D,11
District,Figueroa High School,12th,M,1,B,C,20
District,Figueroa High School,12th,M,1,B,B,18
District,Figueroa High School,12th,M,1,B,A,21
District,Figueroa High School,12th,M,1,A,D,20
District,Figueroa High School,12th,M,1,A,C,9
District,Figueroa High School,12th,M,1,A,B,19
District,Figueroa High School,12th,M,1,A,A,21
District,Figueroa High School,9th,F,0,F,D,15
District,Figueroa High School,9th,F,0,F,C,11
District,Figueroa High School,9th,F,0,F,B,14
District,Figueroa High School,9th,F,0,F,A,16
District,Figueroa High School,9th,F,1,D,D,18
District,Figueroa High School,9th,F,1,D,C,30
District,Figueroa High School,9th,F,1,D,B,23
District,Figueroa High School,9th,F,1,D,A,27
District,Figueroa High School,9th,F,1,C,D,15
District,Figueroa High School,9th,F,1,C,C,31
District,Figueroa High School,9th,F,1,C,B,30
District,Figueroa High School,9th,F,1,C,A,22
District,Figueroa High School,9th,F,1,B,D,17
District,Figueroa High School,9th,F,1,B,C,28
District,Figueroa High School,9th,F,1,B,B,24
District,Figueroa High School,9th,F,1,B,A,24
District,Figueroa High School,9th,F,1,A,D,20
District,Figueroa High School,9th,F,1,A,C,23
District,Figueroa High School,9th,F,1,A,B,24
District,Figueroa High School,9th,F,1,A,A,20
District,Figueroa High School,9th,M,0,F,D,7
District,Figueroa High School,9th,M,0,F,C,12
District,Figueroa High School,9th,M,0,F,B,21
District,Figueroa High School,9th,M,0,F,A,19
District,Figueroa High School,9th,M,1,D,D,22
District,Figueroa High School,9th,M,1,D,C,28
District,Figueroa High School,9th,M,1,D,B,24
District,Figueroa High School,9th,M,1,D,A,20
District,Figueroa High School,9th,M,1,C,D,12
District,Figueroa High School,9th,M,1,C,C,17
District,Figueroa High School,9th,M,1,C,B,26
District,Figueroa High School,9th,M,1,C,A,23
District,Figueroa High School,9th,M,1,B,D,13
District,Figueroa High School,9th,M,1,B,C,17
District,Figueroa High School,9th,M,1,B,B,29
District,Figueroa High School,9th,M,1,B,A,37
District,Figueroa High School,9th,M,1,A,D,19
District,Figueroa High School,9th,M,1,A,C,25
District,Figueroa High School,9th,M,1,A,B,25
District,Figueroa High School,9th,M,1,A,A,28
District,Ford High School,10th,F,0,F,D,4
District,Ford High School,10th,F,0,F,C,7
District,Ford High School,10th,F,0,F,B,12
District,Ford High School,10th,F,0,F,A,6
District,Ford High School,10th,F,1,D,D,20
District,Ford High School,10th,F,1,D,C,17
District,Ford High School,10th,F,1,D,B,26
District,Ford High School,10th,F,1,D,A,21
District,Ford High School,10th,F,1,C,D,20
District,Ford High School,10th,F,1,C,C,13
District,Ford High School,10th,F,1,C,B,20
District,Ford High School,10th,F,1,C,A,24
District,Ford High School,10th,F,1,B,D,12
District,Ford High School,10th,F,1,B,C,18
District,Ford High School,10th,F,1,B,B,23
District,Ford High School,10th,F,1,B,A,26
District,Ford High School,10th,F,1,A,D,14
District,Ford High School,10th,F,1,A,C,14
District,Ford High School,10th,F,1,A,B,23
District,Ford High School,10th,F,1,A,A,17
District,Ford High School,10th,M,0,F,D,7
District,Ford High School,10th,M,0,F,C,10
District,Ford High School,10th,M,0,F,B,4
District,Ford High School,10th,M,0,F,A,10
District,Ford High School,10th,M,1,D,D,14
District,Ford High School,10th,M,1,D,C,18
District,Ford High School,10th,M,1,D,B,21
District,Ford High School,10th,M,1,D,A,20
District,Ford High School,10th,M,1,C,D,14
District,Ford High School,10th,M,1,C,C,22
District,Ford High School,10th,M,1,C,B,26
District,Ford High School,10th,M,1,C,A,24
District,Ford High School,10th,M,1,B,D,23
District,Ford High School,10th,M,1,B,C,27
District,Ford High School,10th,M,1,B,B,18
District,Ford High School,10th,M,1,B,A,31
District,Ford High School,10th,M,1,A,D,20
District,Ford High School,10th,M,1,A,C,18
District,Ford High School,10th,M,1,A,B,17
District,Ford High School,10th,M,1,A,A,27
District,Ford High School,11th,F,0,F,D,6
District,Ford High School,11th,F,0,F,C,12
District,Ford High School,11th,F,0,F,B,7
District,Ford High School,11th,F,0,F,A,9
District,Ford High School,11th,F,1,D,D,11
District,Ford High School,11th,F,1,D,C,24
District,Ford High School,11th,F,1,D,B,20
District,Ford High School,11th,F,1,D,A,21
District,Ford High School,11th,F,1,C,D,23
District,Ford High School,11th,F,1,C,C,21
District,Ford High School,11th,F,1,C,B,21
District,Ford High School,11th,F,1,C,A,21
District,Ford High School,11th,F,1,B,D,16
District,Ford High School,11th,F,1,B,C,22
District,Ford High School,11th,F,1,B,B,18
District,Ford High School,11th,F,1,B,A,21
District,Ford High School,11th,F,1,A,D,16
District,Ford High School,11th,F,1,A,C,24
District,Ford High School,11th,F,1,A,B,20
District,Ford High School,11th,F,1,A,A,18
District,Ford High School,11th,M,0,F,D,5
District,Ford High School,11th,M,0,F,C,9
District,Ford High School,11th,M,0,F,B,7
District,Ford High School,11th,M,0,F,A,8
District,Ford High School,11th,M,1,D,D,13
District,Ford High School,11th,M,1,D,C,15
District,Ford High School,11th,M,1,D,B,28
District,Ford High School,11th,M,1,D,A,11
District,Ford High School,11th,M,1,C,D,20
District,Ford High School,11th,M,1,C,C,19
District,Ford High School,11th,M,1,C,B,26
District,Ford High School,11th,M,1,C,A,16
District,Ford High School,11th,M,1,B,D,12
District,Ford High School,11th,M,1,B,C,20
District,Ford High School,11th,M,1,B,B,28
District,Ford High School,11th,M,1,B,A,16
District,Ford High School,11th,M,1,A,D,10
District,Ford High School,11th,M,1,A,C,13
District,Ford High School,11th,M,1,A,B,21
District,Ford High School,11th,M,1,A,A,11
District,Ford High School,12th,F,0,F,D,8
District,Ford High School,12th,F,0,F,C,9
District,Ford High School,12th,F,0,F,B,8
District,Ford High School,12th,F,0,F,A,12
District,Ford High School,12th,F,1,D,D,13
District,Ford High School,12th,F,1,D,C,18
District,Ford High School,12th,F,1,D,B,11
District,Ford High School,12th,F,1,D,A,7
District,Ford High School,12th,F,1,C,D,10
District,Ford High School,12th,F,1,C,C,14
District,Ford High School,12th,F,1,C,B,21
District,Ford High School,12th,F,1,C,A,22
District,Ford High School,12th,F,1,B,D,10
District,Ford High School,12th,F,1,B,C,19
District,Ford High School,12th,F,1,B,B,16
District,Ford High School,12th,F,1,B,A,19
District,Ford High School,12th,F,1,A,D,12
District,Ford High School,12th,F,1,A,C,11
District,Ford High School,12th,F,1,A,B,12
District,Ford High School,12th,F,1,A,A,15
District,Ford High School,12th,M,0,F,D,11
District,Ford High School,12th,M,0,F,C,10
District,Ford High School,12th,M,0,F,B,11
District,Ford High School,12th,M,0,F,A,8
District,Ford High School,12th,M,1,D,D,9
District,Ford High School,12th,M,1,D,C,14
District,Ford High School,12th,M,1,D,B,19
District,Ford High School,12th,M,1,D,A,18
District,Ford High School,12th,M,1,C,D,20
District,Ford High School,12th,M,1,C,C,13
District,Ford High School,12th,M,1,C,B,17
District,Ford High School,12th,M,1,C,A,14
District,Ford High School,12th,M,1,B,D,12
District,Ford High School,12th,M,1,B,C,5
District,Ford High School,12th,M,1,B,B,15
District,Ford High School,12th,M,1,B,A,18
District,Ford High School,12th,M,1,A,D,12
District,Ford High School,12th,M,1,A,C,21
District,Ford High School,12th,M,1,A,B,15
District,Ford High School,12th,M,1,A,A,10
District,Ford High School,9th,F,0,F,D,10
District,Ford High School,9th,F,0,F,C,9
District,Ford High School,9th,F,0,F,B,13
District,Ford High School,9th,F,0,F,A,14
District,Ford High School,9th,F,1,D,D,19
District,Ford High School,9th,F,1,D,C,22
District,Ford High School,9th,F,1,D,B,18
District,Ford High School,9th,F,1,D,A,18
District,Ford High School,9th,F,1,C,D,13
District,Ford High School,9th,F,1,C,C,20
District,Ford High School,9th,F,1,C,B,41
District,Ford High School,9th,F,1,C,A,25
District,Ford High School,9th,F,1,B,D,24
District,Ford High School,9th,F,1,B,C,27
District,Ford High School,9th,F,1,B,B,30
District,Ford High School,9th,F,1,B,A,32
District,Ford High School,9th,F,1,A,D,16
District,Ford High School,9th,F,1,A,C,26
District,Ford High School,9th,F,1,A,B,29
District,Ford High School,9th,F,1,A,A,15
District,Ford High School,9th,M,0,F,D,15
District,Ford High School,9th,M,0,F,C,12
District,Ford High School,9th,M,0,F,B,8
District,Ford High School,9th,M,0,F,A,12
District,Ford High School,9th,M,1,D,D,18
District,Ford High School,9th,M,1,D,C,26
District,Ford High School,9th,M,1,D,B,21
District,Ford High School,9th,M,1,D,A,24
District,Ford High School,9th,M,1,C,D,14
District,Ford High School,9th,M,1,C,C,21
District,Ford High School,9th,M,1,C,B,30
District,Ford High School,9th,M,1,C,A,23
District,Ford High School,9th,M,1,B,D,22
District,Ford High School,9th,M,1,B,C,26
District,Ford High School,9th,M,1,B,B,21
District,Ford High School,9th,M,1,B,A,27
District,Ford High School,9th,M,1,A,D,19
District,Ford High School,9th,M,1,A,C,21
District,Ford High School,9th,M,1,A,B,25
District,Ford High School,9th,M,1,A,A,27
District,Hernandez High School,10th,F,0,F,D,11
District,Hernandez High School,10th,F,0,F,C,13
District,Hernandez High School,10th,F,0,F,B,21
District,Hernandez High School,10th,F,0,F,A,20
District,Hernandez High School,10th,F,1,D,D,21
District,Hernandez High School,10th,F,1,D,C,47
District,Hernandez High School,10th,F,1,D,B,31
District,Hernandez High School,10th,F,1,D,A,42
District,Hernandez High School,10th,F,1,C,D,29
District,Hernandez High School,10th,F,1,C,C,41
District,Hernandez High School,10th,F,1,C,B,37
District,Hernandez High School,10th,F,1,C,A,30
District,Hernandez High School,10th,F,1,B,D,27
District,Hernandez High School,10th,F,1,B,C,32
District,Hernandez High School,10th,F,1,B,B,33
District,Hernandez High School,10th,F,1,B,A,42
District,Hernandez High School,10th,F,1,A,D,38
District,Hernandez High School,10th,F,1,A,C,31
District,Hernandez High School,10th,F,1,A,B,40
District,Hernandez High School,10th,F,1,A,A,45
District,Hernandez High School,10th,M,0,F,D,9
District,Hernandez High School,10th,M,0,F,C,25
District,Hernandez High School,10th,M,0,F,B,16
District,Hernandez High School,10th,M,0,F,A,14
District,Hernandez High School,10th,M,1,D,D,25
District,Hernandez High School,10th,M,1,D,C,48
District,Hernandez High School,10th,M,1,D,B,32
District,Hernandez High School,10th,M,1,D,A,33
District,Hernandez High School,10th,M,1,C,D,28
District,Hernandez High School,10th,M,1,C,C,33
District,Hernandez High School,10th,M,1,C,B,31
District,Hernandez High School,10th,M,1,C,A,27
District,Hernandez High School,10th,M,1,B,D,23
District,Hernandez High School,10th,M,1,B,C,44
District,Hernandez High School,10th,M,1,B,B,29
District,Hernandez High School,10th,M,1,B,A,36
District,Hernandez High School,10th,M,1,A,D,26
District,Hernandez High School,10th,M,1,A,C,37
District,Hernandez High School,10th,M,1,A,B,42
District,Hernandez High School,10th,M,1,A,A,38
District,Hernandez High School,11th,F,0,F,D,10
District,Hernandez High School,11th,F,0,F,C,14
District,Hernandez High School,11th,F,0,F,B,18
District,Hernandez High School,11th,F,0,F,A,18
District,Hernandez High School,11th,F,1,D,D,22
District,Hernandez High School,11th,F,1,D,C,29
District,Hernandez High School,11th,F,1,D,B,26
District,Hernandez High School,11th,F,1,D,A,34
District,Hernandez High School,11th,F,1,C,D,30
District,Hernandez High School,11th,F,1,C,C,33
District,Hernandez High School,11th,F,1,C,B,27
District,Hernandez High School,11th,F,1,C,A,38
District,Hernandez High School,11th,F,1,B,D,25
District,Hernandez High School,11th,F,1,B,C,24
District,Hernandez High School,11th,F,1,B,B,26
District,Hernandez High School,11th,F,1,B,A,42
District,Hernandez High School,11th,F,1,A,D,24
District,Hernandez High School,11th,F,1,A,C,29
District,Hernandez High School,11th,F,1,A,B,46
District,Hernandez High School,11th,F,1,A,A,37
District,Hernandez High School,11th,M,0,F,D,10
District,Hernandez High School,11th,M,0,F,C,22
District,Hernandez High School,11th,M,0,F,B,21
District,Hernandez High School,11th,M,0,F,A,12
District,Hernandez High School,11th,M,1,D,D,20
District,Hernandez High School,11th,M,1,D,C,36
District,Hernandez High School,11th,M,1,D,B,34
District,Hernandez High School,11th,M,1,D,A,35
District,Hernandez High School,11th,M,1,C,D,18
District,Hernandez High School,11th,M,1,C,C,34
District,Hernandez High School,11th,M,1,C,B,26
District,Hernandez High School,11th,M,1,C,A,32
District,Hernandez High School,11th,M,1,B,D,20
District,Hernandez High School,11th,M,1,B,C,32
District,Hernandez High School,11th,M,1,B,B,29
District,Hernandez High School,11th,M,1,B,A,35
District,Hernandez High School,11th,M,1,A,D,20
District,Hernandez High School,11th,M,1,A,C,28
District,Hernandez High School,11th,M,1,A,B,34
District,Hernandez High School,11th,M,1,A,A,38
District,Hernandez High School,12th,F,0,F,D,12
District,Hernandez High School,12th,F,0,F,C,16
District,Hernandez High School,12th,F,0,F,B,14
District,Hernandez High School,12th,F,0,F,A,11
District,Hernandez High School,12th,F,1,D,D,19
District,Hernandez High School,12th,F,1,D,C,27
District,Hernandez High School,12th,F,1,D,B,27
District,Hernandez High School,12th,F,1,D,A,26
District,Hernandez High School,12th,F,1,C,D,21
District,Hernandez High School,12th,F,1,C,C,24
District,Hernandez High School,12th,F,1,C,B,33
District,Hernandez High School,12th,F,1,C,A,32
District,Hernandez High School,12th,F,1,B,D,16
District,Hernandez High School,12th,F,1,B,C,27
District,Hernandez High School,12th,F,1,B,B,34
District,Hernandez High School,12th,F,1,B,A,29
District,Hernandez High School,12th,F,1,A,D,18
District,Hernandez High School,12th,F,1,A,C,34
District,Hernandez High School,12th,F,1,A,B,33
District,Hernandez High School,12th,F,1,A,A,29
District,Hernandez High School,12th,M,0,F,D,11
District,Hernandez High School,12th,M,0,F,C,13
District,Hernandez High School,12th,M,0,F,B,17
District,Hernandez High School,12th,M,0,F,A,15
District,Hernandez High School,12th,M,1,D,D,21
District,Hernandez High School,12th,M,1,D,C,22
District,Hernandez High School,12th,M,1,D,B,34
District,Hernandez High School,12th,M,1,D,A,27
District,Hernandez High School,12th,M,1,C,D,20
District,Hernandez High School,12th,M,1,C,C,20
District,Hernandez High School,12th,M,1,C,B,20
District,Hernandez High School,12th,M,1,C,A,33
District,Hernandez High School,12th,M,1,B,D,25
District,Hernandez High School,12th,M,1,B,C,26
District,Hernandez High School,12th,M,1,B,B,22
District,Hernandez High School,12th,M,1,B,A,18
District,Hernandez High School,12th,M,1,A,D,27
District,Hernandez High School,12th,M,1,A,C,30
District,Hernandez High School,12th,M,1,A,B,26
District,Hernandez High School,12th,M,1,A,A,29
District,Hernandez High School,9th,F,0,F,D,13
District,Hernandez High School,9th,F,0,F,C,14
District,Hernandez High School,9th,F,0,F,B,20
District,Hernandez High School,9th,F,0,F,A,24
District,Hernandez High School,9th,F,1,D,D,28
District,Hernandez High School,9th,F,1,D,C,42
District,Hernandez High School,9th,F,1,D,B,41
District,Hernandez High School,9th,F,1,D,A,45
District,Hernandez High School,9th,F,1,C,D,32
District,Hernandez High School,9th,F,1,C,C,49
District,Hernandez High School,9th,F,1,C,B,29
District,Hernandez High School,9th,F,1,C,A,37
District,Hernandez High School,9th,F,1,B,D,31
District,Hernandez High School,9th,F,1,B,C,39
District,Hernandez High School,9th,F,1,B,B,44
District,Hernandez High School,9th,F,1,B,A,42
District,Hernandez High School,9th,F,1,A,D,33
District,Hernandez High School,9th,F,1,A,C,50
District,Hernandez High School,9th,F,1,A,B,43
District,Hernandez High School,9th,F,1,A,A,42
District,Hernandez High School,9th,M,0,F,D,15
District,Hernandez High School,9th,M,0,F,C,16
District,Hernandez High School,9th,M,0,F,B,19
District,Hernandez High School,9th,M,0,F,A,22
District,Hernandez High School,9th,M,1,D,D,27
District,Hernandez High School,9th,M,1,D,C,40
District,Hernandez High School,9th,M,1,D,B,43
District,Hernandez High School,9th,M,1,D,A,51
District,Hernandez High School,9th,M,1,C,D,20
District,Hernandez High School,9th,M,1,C,C,32
District,Hernandez High School,9th,M,1,C,B,53
District,Hernandez High School,9th,M,1,C,A,30
District,Hernandez High School,9th,M,1,B,D,34
District,Hernandez High School,9th,M,1,B,C,50
District,Hernandez High School,9th,M,1,B,B,41
District,Hernandez High School,9th,M,1,B,A,33
District,Hernandez High School,9th,M,1,A,D,28
District,Hernandez High School,9th,M,1,A,C,47
District,Hernandez High School,9th,M,1,A,B,38
District,Hernandez High School,9th,M,1,A,A,45
District,Huang High School,10th,F,0,F,D,9
District,Huang High School,10th,F,0,F,C,10
District,Huang High School,10th,F,0,F,B,10
District,Huang High School,10th,F,0,F,A,19
District,Huang High School,10th,F,1,D,D,23
District,Huang High School,10th,F,1,D,C,14
District,Huang High School,10th,F,1,D,B,23
District,Huang High School,10th,F,1,D,A,28
District,Huang High School,10th,F,1,C,D,11
District,Huang High School,10th,F,1,C,C,26
District,Huang High School,10th,F,1,C,B,25
District,Huang High School,10th,F,1,C,A,28
District,Huang High School,10th,F,1,B,D,10
District,Huang High School,10th,F,1,B,C,17
District,Huang High School,10th,F,1,B,B,16
District,Huang High School,10th,F,1,B,A,25
District,Huang High School,10th,F,1,A,D,14
District,Huang High School,10th,F,1,A,C,15
District,Huang High School,10th,F,1,A,B,21
District,Huang High School,10th,F,1,A,A,19
District,Huang High School,10th,M,0,F,D,5
District,Huang High School,10th,M,0,F,C,18
District,Huang High School,10th,M,0,F,B,9
District,Huang High School,10th,M,0,F,A,13
District,Huang High School,10th,M,1,D,D,17
District,Huang High School,10th,M,1,D,C,25
District,Huang High School,10th,M,1,D,B,26
District,Huang High School,10th,M,1,D,A,31
District,Huang High School,10th,M,1,C,D,16
District,Huang High School,10th,M,1,C,C,28
District,Huang High School,10th,M,1,C,B,25
District,Huang High School,10th,M,1,C,A,23
District,Huang High School,10th,M,1,B,D,12
District,Huang High School,10th,M,1,B,C,23
District,Huang High School,10th,M,1,B,B,16
District,Huang High School,10th,M,1,B,A,24
District,Huang High School,10th,M,1,A,D,20
District,Huang High School,10th,M,1,A,C,31
District,Huang High School,10th,M,1,A,B,18
District,Huang High School,10th,M,1,A,A,24
District,Huang High School,11th,F,0,F,D,11
District,Huang High School,11th,F,0,F,C,10
District,Huang High School,11th,F,0,F,B,20
District,Huang High School,11th,F,0,F,A,9
District,Huang High School,11th,F,1,D,D,19
District,Huang High School,11th,F,1,D,C,19
District,Huang High School,11th,F,1,D,B,15
District,Huang High School,11th,F,1,D,A,25
District,Huang High School,11th,F,1,C,D,15
District,Huang High School,11th,F,1,C,C,15
District,Huang High School,11th,F,1,C,B,22
District,Huang High School,11th,F,1,C,A,16
District,Huang High School,11th,F,1,B,D,6
District,Huang High School,11th,F,1,B,C,16
District,Huang High School,11th,F,1,B,B,27
District,Huang High School,11th,F,1,B,A,23
District,Huang High School,11th,F,1,A,D,19
District,Huang High School,11th,F,1,A,C,19
District,Huang High School,11th,F,1,A,B,21
District,Huang High School,11th,F,1,A,A,22
District,Huang High School,11th,M,0,F,D,13
District,Huang High School,11th,M,0,F,C,11
District,Huang High School,11th,M,0,F,B,12
District,Huang High School,11th,M,0,F,A,13
District,Huang High School,11th,M,1,D,D,15
District,Huang High School,11th,M,1,D,C,21
District,Huang High School,11th,M,1,D,B,22
District,Huang High School,11th,M,1,D,A,19
District,Huang High School,11th,M,1,C,D,14
District,Huang High School,11th,M,1,C,C,23
District,Huang High School,11th,M,1,C,B,30
District,Huang High School,11th,M,1,C,A,25
District,Huang High School,11th,M,1,B,D,17
District,Huang High School,11th,M,1,B,C,17
District,Huang High School,11th,M,1,B,B,25
District,Huang High School,11th,M,1,B,A,19
District,Huang High School,11th,M,1,A,D,11
District,Huang High School,11th,M,1,A,C,18
District,Huang High School,11th,M,1,A,B,21
District,Huang High School,11th,M,1,A,A,26
District,Huang High School,12th,F,0,F,D,7
District,Huang High School,12th,F,0,F,C,5
District,Huang High School,12th,F,0,F,B,10
District,Huang High School,12th,F,0,F,A,7
District,Huang High School,12th,F,1,D,D,12
District,Huang High School,12th,F,1,D,C,21
District,Huang High School,12th,F,1,D,B,20
District,Huang High School,12th,F,1,D,A,19
District,Huang High School,12th,F,1,C,D,12
District,Huang High School,12th,F,1,C,C,19
District,Huang High School,12th,F,1,C,B,16
District,Huang High School,12th,F,1,C,A,9
District,Huang High School,12th,F,1,B,D,5
District,Huang High School,12th,F,1,B,C,18
District,Huang High School,12th,F,1,B,B,17
District,Huang High School,12th,F,1,B,A,20
District,Huang High School,12th,F,1,A,D,12
District,Huang High School,12th,F,1,A,C,24
District,Huang High School,12th,F,1,A,B,19
District,Huang High School,12th,F,1,A,A,19
District,Huang High School,12th,M,0,F,D,3
District,Huang High School,12th,M,0,F,C,7
District,Huang High School,12th,M,0,F,B,8
District,Huang High School,12th,M,0,F,A,3
District,Huang High School,12th,M,1,D,D,14
District,Huang High School,12th,M,1,D,C,30
District,Huang High School,12th,M,1,D,B,21
District,Huang High School,12th,M,1,D,A,11
District,Huang High School,12th,M,1,C,D,11
District,Huang High School,12th,M,1,C,C,18
District,Huang High School,12th,M,1,C,B,25
District,Huang High School,12th,M,1,C,A,14
District,Huang High School,12th,M,1,B,D,18
District,Huang High School,12th,M,1,B,C,12
District,Huang High School,12th,M,1,B,B,24
District,Huang High School,12th,M,1,B,A,18
District,Huang High School,12th,M,1,A,D,16
District,Huang High School,12th,M,1,A,C,15
District,Huang High School,12th,M,1,A,B,19
District,Huang High School,12th,M,1,A,A,7
District,Huang High School,9th,F,0,F,D,7
District,Huang High School,9th,F,0,F,C,16
District,Huang High School,9th,F,0,F,B,12
District,Huang High School,9th,F,0,F,A,11
District,Huang High School,9th,F,1,D,D,11
District,Huang High School,9th,F,1,D,C,20
District,Huang High School,9th,F,1,D,B,29
District,Huang High School,9th,F,1,D,A,29
District,Huang High School,9th,F,1,C,D,21
District,Huang High School,9th,F,1,C,C,24
District,Huang High School,9th,F,1,C,B,34
District,Huang High School,9th,F,1,C,A,21
District,Huang High School,9th,F,1,B,D,24
District,Huang High School,9th,F,1,B,C,21
District,Huang High School,9th,F,1,B,B,15
District,Huang High School,9th,F,1,B,A,30
District,Huang High School,9th,F,1,A,D,12
District,Huang High School,9th,F,1,A,C,27
District,Huang High School,9th,F,1,A,B,19
District,Huang High School,9th,F,1,A,A,31
District,Huang High School,9th,M,0,F,D,9
District,Huang High School,9th,M,0,F,C,10
District,Huang High School,9th,M,0,F,B,9
District,Huang High School,9th,M,0,F,A,9
District,Huang High School,9th,M,1,D,D,15
District,Huang High School,9th,M,1,D,C,21
District,Huang High School,9th,M,1,D,B,32
District,Huang High School,9th,M,1,D,A,29
District,Huang High School,9th,M,1,C,D,28
District,Huang High School,9th,M,1,C,C,26
District,Huang High School,9th,M,1,C,B,33
District,Huang High School,9th,M,1,C,A,27
District,Huang High School,9th,M,1,B,D,15
District,Huang High School,9th,M,1,B,C,10
District,Huang High School,9th,M,1,B,B,32
District,Huang High School,9th,M,1,B,A,24
District,Huang High School,9th,M,1,A,D,16
District,Huang High School,9th,M,1,A,C,31
District,Huang High School,9th,M,1,A,B,30
District,Huang High School,9th,M,1,A,A,24
District,Johnson High School,10th,F,0,F,D,12
District,Johnson High School,10th,F,0,F,C,16
District,Johnson High School,10th,F,0,F,B,16
District,Johnson High School,10th,F,0,F,A,18
District,Johnson High School,10th,F,1,D,D,16
District,Johnson High School,10th,F,1,D,C,46
District,Johnson High School,10th,F,1,D,B,40
District,Johnson High School,10th,F,1,D,A,41
District,Johnson High School,10th,F,1,C,D,23
District,Johnson High School,10th,F,1,C,C,36
District,Johnson High School,10th,F,1,C,B,49
District,Johnson High School,10th,F,1,C,A,36
District,Johnson High School,10th,F,1,B,D,22
District,Johnson High School,10th,F,1,B,C,42
District,Johnson High School,10th,F,1,B,B,43
District,Johnson High School,10th,F,1,B,A,44
District,Johnson High School,10th,F,1,A,D,27
District,Johnson High School,10th,F,1,A,C,32
District,Johnson High School,10th,F,1,A,B,32
District,Johnson High School,10th,F,1,A,A,32
District,Johnson High School,10th,M,0,F,D,17
District,Johnson High School,10th,M,0,F,C,18
District,Johnson High School,10th,M,0,F,B,22
District,Johnson High School,10th,M,0,F,A,13
District,Johnson High School,10th,M,1,D,D,34
District,Johnson High School,10th,M,1,D,C,34
District,Johnson High School,10th,M,1,D,B,43
District,Johnson High School,10th,M,1,D,A,42
District,Johnson High School,10th,M,1,C,D,30
District,Johnson High School,10th,M,1,C,C,36
District,Johnson High School,10th,M,1,C,B,33
District,Johnson High School,10th,M,1,C,A,26
District,Johnson High School,10th,M,1,B,D,26
District,Johnson High School,10th,M,1,B,C,28
District,Johnson High School,10th,M,1,B,B,36
District,Johnson High School,10th,M,1,B,A,33
District,Johnson High School,10th,M,1,A,D,20
District,Johnson High School,10th,M,1,A,C,54
District,Johnson High School,10th,M,1,A,B,31
District,Johnson High School,10th,M,1,A,A,28
District,Johnson High School,11th,F,0,F,D,12
District,Johnson High School,11th,F,0,F,C,21
District,Johnson High School,11th,F,0,F,B,19
District,Johnson High School,11th,F,0,F,A,19
District,Johnson High School,11th,F,1,D,D,32
District,Johnson High School,11th,F,1,D,C,40
District,Johnson High School,11th,F,1,D,B,37
District,Johnson High School,11th,F,1,D,A,35
District,Johnson High School,11th,F,1,C,D,28
District,Johnson High School,11th,F,1,C,C,29
District,Johnson High School,11th,F,1,C,B,28
District,Johnson High School,11th,F,1,C,A,29
District,Johnson High School,11th,F,1,B,D,30
District,Johnson High School,11th,F,1,B,C,27
District,Johnson High School,11th,F,1,B,B,37
District,Johnson High School,11th,F,1,B,A,36
District,Johnson High School,11th,F,1,A,D,28
District,Johnson High School,11th,F,1,A,C,44
District,Johnson High School,11th,F,1,A,B,43
District,Johnson High School,11th,F,1,A,A,36
District,Johnson High School,11th,M,0,F,D,9
District,Johnson High School,11th,M,0,F,C,19
District,Johnson High School,11th,M,0,F,B,19
District,Johnson High School,11th,M,0,F,A,11
District,Johnson High School,11th,M,1,D,D,21
District,Johnson High School,11th,M,1,D,C,37
District,Johnson High School,11th,M,1,D,B,29
District,Johnson High School,11th,M,1,D,A,36
District,Johnson High School,11th,M,1,C,D,23
District,Johnson High School,11th,M,1,C,C,40
District,Johnson High School,11th,M,1,C,B,33
District,Johnson High School,11th,M,1,C,A,34
District,Johnson High School,11th,M,1,B,D,24
District,Johnson High School,11th,M,1,B,C,37
District,Johnson High School,11th,M,1,B,B,35
District,Johnson High School,11th,M,1,B,A,35
District,Johnson High School,11th,M,1,A,D,37
District,Johnson High School,11th,M,1,A,C,32
District,Johnson High School,11th,M,1,A,B,34
District,Johnson High School,11th,M,1,A,A,43
District,Johnson High School,12th,F,0,F,D,10
District,Johnson High School,12th,F,0,F,C,14
District,Johnson High School,12th,F,0,F,B,8
District,Johnson High School,12th,F,0,F,A,16
District,Johnson High School,12th,F,1,D,D,20
District,Johnson High School,12th,F,1,D,C,24
District,Johnson High School,12th,F,1,D,B,27
District,Johnson High School,12th,F,1,D,A,34
District,Johnson High School,12th,F,1,C,D,11
District,Johnson High School,12th,F,1,C,C,30
District,Johnson High School,12th,F,1,C,B,31
District,Johnson High School,12th,F,1,C,A,23
District,Johnson High School,12th,F,1,B,D,7
District,Johnson High School,12th,F,1,B,C,29
District,Johnson High School,12th,F,1,B,B,36
District,Johnson High School,12th,F,1,B,A,24
District,Johnson High School,12th,F,1,A,D,19
District,Johnson High School,12th,F,1,A,C,31
District,Johnson High School,12th,F,1,A,B,29
District,Johnson High School,12th,F,1,A,A,34
District,Johnson High School,12th,M,0,F,D,11
District,Johnson High School,12th,M,0,F,C,6
District,Johnson High School,12th,M,0,F,B,19
District,Johnson High School,12th,M,0,F,A,17
District,Johnson High School,12th,M,1,D,D,23
District,Johnson High School,12th,M,1,D,C,31
District,Johnson High School,12th,M,1,D,B,29
District,Johnson High School,12th,M,1,D,A,38
District,Johnson High School,12th,M,1,C,D,22
District,Johnson High School,12th,M,1,C,C,34
District,Johnson High School,12th,M,1,C,B,28
District,Johnson High School,12th,M,1,C,A,25
District,Johnson High School,12th,M,1,B,D,21
District,Johnson High School,12th,M,1,B,C,21
District,Johnson High School,12th,M,1,B,B,28
District,Johnson High School,12th,M,1,B,A,26
District,Johnson High School,12th,M,1,A,D,25
District,Johnson High School,12th,M,1,A,C,31
District,Johnson High School,12th,M,1,A,B,16
District,Johnson High School,12th,M,1,A,A,28
District,Johnson High School,9th,F,0,F,D,17
District,Johnson High School,9th,F,0,F,C,25
District,Johnson High School,9th,F,0,F,B,15
District,Johnson High School,9th,F,0,F,A,27
District,Johnson High School,9th,F,1,D,D,16
District,Johnson High School,9th,F,1,D,C,35
District,Johnson High School,9th,F,1,D,B,47
District,Johnson High School,9th,F,1,D,A,43
District,Johnson High School,9th,F,1,C,D,28
District,Johnson High School,9th,F,1,C,C,37
District,Johnson High School,9th,F,1,C,B,55
District,Johnson High School,9th,F,1,C,A,48
District,Johnson High School,9th,F,1,B,D,16
District,Johnson High School,9th,F,1,B,C,40
District,Johnson High School,9th,F,1,B,B,54
District,Johnson High School,9th,F,1,B,A,32
District,Johnson High School,9th,F,1,A,D,32
District,Johnson High School,9th,F,1,A,C,57
District,Johnson High School,9th,F,1,A,B,35
District,Johnson High School,9th,F,1,A,A,44
District,Johnson High School,9th,M,0,F,D,15
District,Johnson High School,9th,M,0,F,C,21
District,Johnson High School,9th,M,0,F,B,15
District,Johnson High School,9th,M,0,F,A,18
District,Johnson High School,9th,M,1,D,D,33
District,Johnson High School,9th,M,1,D,C,45
District,Johnson High School,9th,M,1,D,B,46
District,Johnson High School,9th,M,1,D,A,47
District,Johnson High School,9th,M,1,C,D,32
District,Johnson High School,9th,M,1,C,C,32
District,Johnson High School,9th,M,1,C,B,33
District,Johnson High School,9th,M,1,C,A,44
District,Johnson High School,9th,M,1,B,D,33
District,Johnson High School,9th,M,1,B,C,49
District,Johnson High School,9th,M,1,B,B,40
District,Johnson High School,9th,M,1,B,A,38
District,Johnson High School,9th,M,1,A,D,32
District,Johnson High School,9th,M,1,A,C,36
District,Johnson High School,9th,M,1,A,B,49
District,Johnson High School,9th,M,1,A,A,39
District,Rodriguez High School,10th,F,0,F,D,13
District,Rodriguez High School,10th,F,0,F,C,14
District,Rodriguez High School,10th,F,0,F,B,18
District,Rodriguez High School,10th,F,0,F,A,10
District,Rodriguez High School,10th,F,1,D,D,19
District,Rodriguez High School,10th,F,1,D,C,37
District,Rodriguez High School,10th,F,1,D,B,33
District,Rodriguez High School,10th,F,1,D,A,34
District,Rodriguez High School,10th,F,1,C,D,24
District,Rodriguez High School,10th,F,1,C,C,47
District,Rodriguez High School,10th,F,1,C,B,32
District,Rodriguez High School,10th,F,1,C,A,23
District,Rodriguez High School,10th,F,1,B,D,24
District,Rodriguez High School,10th,F,1,B,C,21
District,Rodriguez High School,10th,F,1,B,B,32
District,Rodriguez High School,10th,F,1,B,A,37
District,Rodriguez High School,10th,F,1,A,D,18
District,Rodriguez High School,10th,F,1,A,C,27
District,Rodriguez High School,10th,F,1,A,B,38
District,Rodriguez High School,10th,F,1,A,A,27
District,Rodriguez High School,10th,M,0,F,D,14
District,Rodriguez High School,10th,M,0,F,C,17
District,Rodriguez High School,10th,M,0,F,B,14
District,Rodriguez High School,10th,M,0,F,A,16
District,Rodriguez High School,10th,M,1,D,D,19
District,Rodriguez High School,10th,M,1,D,C,33
District,Rodriguez High School,10th,M,1,D,B,30
District,Rodriguez High School,10th,M,1,D,A,34
District,Rodriguez High School,10th,M,1,C,D,32
District,Rodriguez High School,10th,M,1,C,C,24
District,Rodriguez High School,10th,M,1,C,B,37
District,Rodriguez High School,10th,M,1,C,A,24
District,Rodriguez High School,10th,M,1,B,D,27
District,Rodriguez High School,10th,M,1,B,C,32
District,Rodriguez High School,10th,M,1,B,B,33
District,Rodriguez High School,10th,M,1,B,A,23
District,Rodriguez High School,10th,M,1,A,D,15
District,Rodriguez High School,10th,M,1,A,C,27
District,Rodriguez High School,10th,M,1,A,B,31
District,Rodriguez High School,10th,M,1,A,A,30
District,Rodriguez High School,11th,F,0,F,D,9
District,Rodriguez High School,11th,F,0,F,C,17
District,Rodriguez High School,11th,F,0,F,B,15
District,Rodriguez High School,11th,F,0,F,A,17
District,Rodriguez High School,11th,F,1,D,D,21
District,Rodriguez High School,11th,F,1,D,C,28
District,Rodriguez High School,11th,F,1,D,B,47
District,Rodriguez High School,11th,F,1,D,A,22
District,Rodriguez High School,11th,F,1,C,D,23
District,Rodriguez High School,11th,F,1,C,C,33
District,Rodriguez High School,11th,F,1,C,B,36
District,Rodriguez High School,11th,F,1,C,A,35
District,Rodriguez High School,11th,F,1,B,D,19
District,Rodriguez High School,11th,F,1,B,C,26
District,Rodriguez High School,11th,F,1,B,B,38
District,Rodriguez High School,11th,F,1,B,A,36
District,Rodriguez High School,11th,F,1,A,D,22
District,Rodriguez High School,11th,F,1,A,C,31
District,Rodriguez High School,11th,F,1,A,B,19
District,Rodriguez High School,11th,F,1,A,A,26
District,Rodriguez High School,11th,M,0,F,D,9
District,Rodriguez High School,11th,M,0,F,C,30
District,Rodriguez High School,11th,M,0,F,B,14
District,Rodriguez High School,11th,M,0,F,A,12
District,Rodriguez High School,11th,M,1,D,D,22
District,Rodriguez High School,11th,M,1,D,C,27
District,Rodriguez High School,11th,M,1,D,B,27
District,Rodriguez High School,11th,M,1,D,A,31
District,Rodriguez High School,11th,M,1,C,D,20
District,Rodriguez High School,11th,M,1,C,C,25
District,Rodriguez High School,11th,M,1,C,B,29
District,Rodriguez High School,11th,M,1,C,A,29
District,Rodriguez High School,11th,M,1,B,D,25
District,Rodriguez High School,11th,M,1,B,C,33
District,Rodriguez High School,11th,M,1,B,B,26
District,Rodriguez High School,11th,M,1,B,A,30
District,Rodriguez High School,11th,M,1,A,D,23
District,Rodriguez High School,11th,M,1,A,C,27
District,Rodriguez High School,11th,M,1,A,B,20
District,Rodriguez High School,11th,M,1,A,A,27
District,Rodriguez High School,12th,F,0,F,D,9
District,Rodriguez High School,12th,F,0,F,C,8
District,Rodriguez High School,12th,F,0,F,B,6
District,Rodriguez High School,12th,F,0,F,A,13
District,Rodriguez High School,12th,F,1,D,D,16
District,Rodriguez High School,12th,F,1,D,C,23
District,Rodriguez High School,12th,F,1,D,B,26
District,Rodriguez High School,12th,F,1,D,A,22
District,Rodriguez High School,12th,F,1,C,D,20
District,Rodriguez High School,12th,F,1,C,C,19
District,Rodriguez High School,12th,F,1,C,B,20
District,Rodriguez High School,12th,F,1,C,A,14
District,Rodriguez High School,12th,F,1,B,D,15
District,Rodriguez High School,12th,F,1,B,C,20
District,Rodriguez High School,12th,F,1,B,B,24
District,Rodriguez High School,12th,F,1,B,A,22
District,Rodriguez High School,12th,F,1,A,D,21
District,Rodriguez High School,12th,F,1,A,C,21
District,Rodriguez High School,12th,F,1,A,B,36
District,Rodriguez High School,12th,F,1,A,A,21
District,Rodriguez High School,12th,M,0,F,D,10
District,Rodriguez High School,12th,M,0,F,C,13
District,Rodriguez High School,12th,M,0,F,B,9
District,Rodriguez High School,12th,M,0,F,A,17
District,Rodriguez High School,12th,M,1,D,D,15
District,Rodriguez High School,12th,M,1,D,C,16
District,Rodriguez High School,12th,M,1,D,B,26
District,Rodriguez High School,12th,M,1,D,A,22
District,Rodriguez High School,12th,M,1,C,D,18
District,Rodriguez High School,12th,M,1,C,C,30
District,Rodriguez High School,12th,M,1,C,B,38
District,Rodriguez High School,12th,M,1,C,A,16
District,Rodriguez High School,12th,M,1,B,D,20
District,Rodriguez High School,12th,M,1,B,C,21
District,Rodriguez High School,12th,M,1,B,B,26
District,Rodriguez High School,12th,M,1,B,A,18
District,Rodriguez High School,12th,M,1,A,D,20
District,Rodriguez High School,12th,M,1,A,C,32
District,Rodriguez High School,12th,M,1,A,B,24
District,Rodriguez High School,12th,M,1,A,A,22
District,Rodriguez High School,9th,F,0,F,D,10
District,Rodriguez High School,9th,F,0,F,C,16
District,Rodriguez High School,9th,F,0,F,B,19
District,Rodriguez High School,9th,F,0,F,A,18
District,Rodriguez High School,9th,F,1,D,D,28
District,Rodriguez High School,9th,F,1,D,C,34
District,Rodriguez High School,9th,F,1,D,B,36
District,Rodriguez High School,9th,F,1,D,A,30
District,Rodriguez High School,9th,F,1,C,D,21
District,Rodriguez High School,9th,F,1,C,C,29
District,Rodriguez High School,9th,F,1,C,B,41
District,Rodriguez High School,9th,F,1,C,A,40
District,Rodriguez High School,9th,F,1,B,D,31
District,Rodriguez High School,9th,F,1,B,C,37
District,Rodriguez High School,9th,F,1,B,B,33
District,Rodriguez High School,9th,F,1,B,A,40
District,Rodriguez High School,9th,F,1,A,D,26
District,Rodriguez High School,9th,F,1,A,C,40
District,Rodriguez High School,9th,F,1,A,B,32
District,Rodriguez High School,9th,F,1,A,A,29
District,Rodriguez High School,9th,M,0,F,D,20
District,Rodriguez High School,9th,M,0,F,C,20
District,Rodriguez High School,9th,M,0,F,B,12
District,Rodriguez High School,9th,M,0,F,A,19
District,Rodriguez High School,9th,M,1,D,D,22
District,Rodriguez High School,9th,M,1,D,C,31
District,Rodriguez High School,9th,M,1,D,B,35
District,Rodriguez High School,9th,M,1,D,A,41
District,Rodriguez High School,9th,M,1,C,D,25
District,Rodriguez High School,9th,M,1,C,C,47
District,Rodriguez High School,9th,M,1,C,B,33
District,Rodriguez High School,9th,M,1,C,A,27
District,Rodriguez High School,9th,M,1,B,D,18
District,Rodriguez High School,9th,M,1,B,C,28
District,Rodriguez High School,9th,M,1,B,B,27
District,Rodriguez High School,9th,M,1,B,A,36
District,Rodriguez High School,9th,M,1,A,D,28
District,Rodriguez High School,9th,M,1,A,C,27
District,Rodriguez High School,9th,M,1,A,B,40
District,Rodriguez High School,9th,M,1,A,A,38
